ts,deviceModel,sessionId,triggerSource,batchId,batchCount,datasetId,roundId,nRecords,treeIdx,depth,roundKind,outcome,lastError,nPeersAttempted,nPeersAccepted,networkType,batteryState,batteryLevel,wallMs,clientTsMs,pollUs,computeUs,submitUs,txBytes,rxBytes,rssBytes,wakeLatencyMs
2026-07-24 22:05:53.808000+00:00,iPhone iPhone,5293ac2e-1915-4c3b-8f9d-5d7a5ccf62d1,push,3,4,pima_diabetes,1,154,,,stats,submitted,,3,3,wifi,full,100,0,1784930753295,19347,54,109672,5832,5382,101302272,
2026-07-24 22:05:54.461000+00:00,iPhone iPhone,8290562d-2ac2-4701-a08f-14f98f73dfa7,push,3,4,breast_cancer,1,114,,,stats,submitted,,3,3,wifi,full,100,0,1784930754349,22743,78,97505,7013,5404,103579648,
2026-07-24 22:05:55.046000+00:00,iPhone iPhone,b379008f-f450-4987-bba4-51517776290a,push,3,4,heart_disease,1,60,,,stats,submitted,,3,3,wifi,full,100,0,1784930754942,20151,41,102318,6124,5382,103841792,
2026-07-24 22:06:54.470000+00:00,Google Pixel 9 Pro,5293ac2e-1915-4c3b-8f9d-5d7a5ccf62d1,push,0,4,pima_diabetes,1,153,,,stats,submitted,,3,3,wifi,discharging,70,0,1784930814361,32897,472,159462,5896,5360,260644864,1057
2026-07-24 22:06:54.756000+00:00,Lenovo TB328FU,5293ac2e-1915-4c3b-8f9d-5d7a5ccf62d1,push,2,4,pima_diabetes,1,153,,,stats,submitted,,3,3,wifi,full,100,0,1784930806694,34299,219,116514,5839,5382,223817728,-6337
2026-07-24 22:06:55.124000+00:00,Google Pixel 9 Pro,8290562d-2ac2-4701-a08f-14f98f73dfa7,push,0,4,breast_cancer,1,113,,,stats,submitted,,3,3,wifi,discharging,70,0,1784930815377,23905,322,161551,7059,5360,263180288,
2026-07-24 22:06:55.356000+00:00,Lenovo TB328FU,8290562d-2ac2-4701-a08f-14f98f73dfa7,push,2,4,breast_cancer,1,114,,,stats,submitted,,3,3,wifi,full,100,0,1784930808312,41751,135,118522,7041,5404,287895552,
2026-07-24 22:06:55.742000+00:00,Google Pixel 9 Pro,b379008f-f450-4987-bba4-51517776290a,push,0,4,heart_disease,1,59,,,stats,submitted,,3,3,wifi,discharging,70,0,1784930816005,24281,266,144343,6138,5360,263593984,
2026-07-24 22:06:55.906000+00:00,Lenovo TB328FU,b379008f-f450-4987-bba4-51517776290a,push,2,4,heart_disease,1,59,,,stats,submitted,,3,3,wifi,full,100,0,1784930808866,22746,63,106799,6173,5360,287834112,
2026-07-24 22:20:50.218000+00:00,Lenovo TB328FU,5293ac2e-1915-4c3b-8f9d-5d7a5ccf62d1,workmanager,2,4,pima_diabetes,,,,,,idle,,,,wifi,full,100,836228,1784931642922,44300,,,,,226578432,
2026-07-24 22:20:50.836000+00:00,Lenovo TB328FU,8290562d-2ac2-4701-a08f-14f98f73dfa7,workmanager,2,4,breast_cancer,,,,,,idle,,,,wifi,full,100,835485,1784931643797,96374,,,,,226123776,
2026-07-24 22:20:51.308000+00:00,Lenovo TB328FU,b379008f-f450-4987-bba4-51517776290a,workmanager,2,4,heart_disease,,,,,,idle,,,,wifi,full,100,835403,1784931644269,21568,,,,,227475456,
2026-07-24 22:20:54.395000+00:00,iPhone iPhone,5293ac2e-1915-4c3b-8f9d-5d7a5ccf62d1,push,3,4,pima_diabetes,,,,,,idle,,,,wifi,full,100,900491,1784931653786,22547,,,,,98795520,511
2026-07-24 22:20:54.739000+00:00,iPhone iPhone,8290562d-2ac2-4701-a08f-14f98f73dfa7,push,3,4,breast_cancer,,,,,,idle,,,,wifi,full,100,900282,1784931654631,21570,,,,,99549184,
2026-07-24 22:20:55.112000+00:00,iPhone iPhone,b379008f-f450-4987-bba4-51517776290a,push,3,4,heart_disease,,,,,,idle,,,,wifi,full,100,900066,1784931655008,19961,,,,,99811328,
2026-07-24 22:21:54.399000+00:00,Google Pixel 9 Pro,5293ac2e-1915-4c3b-8f9d-5d7a5ccf62d1,push,0,4,pima_diabetes,,,,,,idle,,,,wifi,discharging,68,900094,1784931714455,22637,,,,,237629440,724
2026-07-24 22:21:54.857000+00:00,Google Pixel 9 Pro,8290562d-2ac2-4701-a08f-14f98f73dfa7,push,0,4,breast_cancer,,,,,,idle,,,,wifi,discharging,68,899760,1784931715137,24919,,,,,239448064,
2026-07-24 22:21:54.996000+00:00,samsung SM-X200,5293ac2e-1915-4c3b-8f9d-5d7a5ccf62d1,push,1,4,pima_diabetes,1,154,,,stats,submitted,,3,3,wifi,charging,98,0,1784931712904,29753,408,178336,5843,5382,176607232,-1118
2026-07-24 22:21:55.295000+00:00,Google Pixel 9 Pro,b379008f-f450-4987-bba4-51517776290a,push,0,4,heart_disease,,,,,,idle,,,,wifi,discharging,68,899574,1784931715579,21198,,,,,239722496,
2026-07-24 22:21:55.609000+00:00,samsung SM-X200,8290562d-2ac2-4701-a08f-14f98f73dfa7,push,1,4,breast_cancer,1,114,,,stats,submitted,,3,3,wifi,charging,98,0,1784931714021,18216,182,170565,7097,5360,179953664,
2026-07-24 22:21:55.912000+00:00,Lenovo TB328FU,5293ac2e-1915-4c3b-8f9d-5d7a5ccf62d1,push,2,4,pima_diabetes,4294967296,153,0,0,gradient,submitted,,3,3,wifi,full,100,65676,1784931708598,289719,578,430626,11014,6282,221196288,-6681
2026-07-24 22:21:56.230000+00:00,samsung SM-X200,b379008f-f450-4987-bba4-51517776290a,push,1,4,heart_disease,1,59,,,stats,submitted,,3,3,wifi,charging,98,0,1784931714641,41596,104,154579,6181,5360,179953664,
2026-07-24 22:21:56.734000+00:00,Lenovo TB328FU,8290562d-2ac2-4701-a08f-14f98f73dfa7,push,2,4,breast_cancer,4294967296,114,0,0,gradient,submitted,,3,3,wifi,full,100,65912,1784931709709,106642,1176,249228,26433,8702,221380608,
2026-07-24 22:21:57.604000+00:00,Lenovo TB328FU,b379008f-f450-4987-bba4-51517776290a,push,2,4,heart_disease,4294967296,59,0,0,gradient,submitted,,3,3,wifi,full,100,66275,1784931710544,154615,553,164723,14532,6832,221560832,
2026-07-24 22:35:54.964000+00:00,iPhone iPhone,5293ac2e-1915-4c3b-8f9d-5d7a5ccf62d1,push,3,4,pima_diabetes,4294967296,154,0,0,gradient,submitted,,3,3,wifi,full,100,900801,1784932554587,42602,164,116543,10977,6326,100696064,593
2026-07-24 22:35:55.446000+00:00,Lenovo TB328FU,5293ac2e-1915-4c3b-8f9d-5d7a5ccf62d1,workmanager,2,4,pima_diabetes,,,,,,idle,,,,wifi,full,100,838066,1784932546664,55105,,,,,151986176,
2026-07-24 22:35:55.486000+00:00,iPhone iPhone,8290562d-2ac2-4701-a08f-14f98f73dfa7,push,3,4,breast_cancer,4294967296,114,0,0,gradient,submitted,,3,3,wifi,full,100,900746,1784932555377,42006,371,132252,26365,8702,104824832,
2026-07-24 22:35:55.963000+00:00,iPhone iPhone,b379008f-f450-4987-bba4-51517776290a,push,3,4,heart_disease,4294967296,60,0,0,gradient,submitted,,3,3,wifi,full,100,900861,1784932555869,29068,147,115115,14473,6832,104841216,
2026-07-24 22:35:56.157000+00:00,Lenovo TB328FU,8290562d-2ac2-4701-a08f-14f98f73dfa7,workmanager,2,4,breast_cancer,,,,,,idle,,,,wifi,full,100,839414,1784932549123,55692,,,,,153591808,
2026-07-24 22:35:56.771000+00:00,Lenovo TB328FU,b379008f-f450-4987-bba4-51517776290a,workmanager,2,4,heart_disease,,,,,,idle,,,,wifi,full,100,839192,1784932549736,58329,,,,,153341952,
2026-07-24 22:36:55.960000+00:00,samsung SM-X200,5293ac2e-1915-4c3b-8f9d-5d7a5ccf62d1,push,1,4,pima_diabetes,4294967296,154,0,0,gradient,submitted,,3,3,wifi,charging,99,901192,1784932614096,91265,492,170731,11012,6326,171958272,-593
2026-07-24 22:36:56.477000+00:00,Lenovo TB328FU,5293ac2e-1915-4c3b-8f9d-5d7a5ccf62d1,push,2,4,pima_diabetes,,,,,,idle,,,,wifi,full,100,62413,1784932609077,99604,,,,,149733376,-6336
2026-07-24 22:36:56.549000+00:00,samsung SM-X200,8290562d-2ac2-4701-a08f-14f98f73dfa7,push,1,4,breast_cancer,4294967296,114,0,0,gradient,submitted,,3,3,wifi,charging,99,900887,1784932614908,87557,1426,140749,26403,8724,172302336,
2026-07-24 22:36:57.102000+00:00,samsung SM-X200,b379008f-f450-4987-bba4-51517776290a,push,1,4,heart_disease,4294967296,59,0,0,gradient,submitted,,3,3,wifi,charging,99,900820,1784932615461,40755,733,150333,14506,6832,173002752,
2026-07-24 22:36:57.500000+00:00,Lenovo TB328FU,8290562d-2ac2-4701-a08f-14f98f73dfa7,push,2,4,breast_cancer,,,,,,idle,,,,wifi,full,100,61293,1784932610416,107490,,,,,150048768,
2026-07-24 22:36:57.993000+00:00,Google Pixel 9 Pro,5293ac2e-1915-4c3b-8f9d-5d7a5ccf62d1,push,0,4,pima_diabetes,4294967296,153,0,0,gradient,submitted,,3,3,wifi,discharging,66,901451,1784932615906,88717,575,144859,11029,6282,241762304,959
2026-07-24 22:36:58.423000+00:00,Lenovo TB328FU,b379008f-f450-4987-bba4-51517776290a,push,2,4,heart_disease,,,,,,idle,,,,wifi,full,100,61602,1784932611338,108624,,,,,150237184,
2026-07-24 22:36:58.830000+00:00,Google Pixel 9 Pro,8290562d-2ac2-4701-a08f-14f98f73dfa7,push,0,4,breast_cancer,4294967296,113,0,0,gradient,submitted,,3,3,wifi,discharging,66,903998,1784932619135,97512,1390,161745,26421,8702,242462720,
2026-07-24 22:36:59.580000+00:00,Google Pixel 9 Pro,b379008f-f450-4987-bba4-51517776290a,push,0,4,heart_disease,4294967296,59,0,0,gradient,submitted,,3,3,wifi,discharging,66,904306,1784932619885,47798,715,149595,14533,6832,242700288,
2026-07-24 22:50:55.690000+00:00,iPhone iPhone,5293ac2e-1915-4c3b-8f9d-5d7a5ccf62d1,push,3,4,pima_diabetes,4294967297,154,0,1,gradient,submitted,,3,3,wifi,full,100,900723,1784933455310,41238,183,111010,16605,6370,104906752,598
2026-07-24 22:50:56.268000+00:00,iPhone iPhone,8290562d-2ac2-4701-a08f-14f98f73dfa7,push,3,4,breast_cancer,4294967297,114,0,1,gradient,submitted,,3,3,wifi,full,100,900793,1784933456170,47570,229,174840,47388,8767,105021440,
2026-07-24 22:50:56.774000+00:00,iPhone iPhone,b379008f-f450-4987-bba4-51517776290a,push,3,4,heart_disease,4294967297,60,0,1,gradient,submitted,,3,3,wifi,full,100,900811,1784933456680,20027,222,145581,23614,6876,105054208,
2026-07-24 22:50:58.402000+00:00,Lenovo TB328FU,5293ac2e-1915-4c3b-8f9d-5d7a5ccf62d1,workmanager,2,4,pima_diabetes,4294967297,153,0,1,gradient,submitted,,3,3,wifi,full,100,842044,1784933451121,42041,894,96132,16677,6304,127660032,
2026-07-24 22:50:59.029000+00:00,Lenovo TB328FU,8290562d-2ac2-4701-a08f-14f98f73dfa7,workmanager,2,4,breast_cancer,4294967297,114,0,1,gradient,submitted,,3,3,wifi,full,100,841581,1784933451997,89599,2119,123062,47461,8723,131317760,
2026-07-24 22:50:59.573000+00:00,Lenovo TB328FU,b379008f-f450-4987-bba4-51517776290a,workmanager,2,4,heart_disease,4294967297,59,0,1,gradient,submitted,,3,3,wifi,full,100,841202,1784933452540,40764,676,121120,23615,6876,131895296,
2026-07-24 22:51:55.707000+00:00,Lenovo TB328FU,5293ac2e-1915-4c3b-8f9d-5d7a5ccf62d1,push,2,4,pima_diabetes,,,,,,idle,,,,wifi,full,100,57341,1784933508462,20555,,,,,129937408,-6591
2026-07-24 22:51:56.071000+00:00,Lenovo TB328FU,8290562d-2ac2-4701-a08f-14f98f73dfa7,push,2,4,breast_cancer,,,,,,idle,,,,wifi,full,100,57055,1784933509052,30012,,,,,130199552,
2026-07-24 22:51:56.418000+00:00,Lenovo TB328FU,b379008f-f450-4987-bba4-51517776290a,push,2,4,heart_disease,,,,,,idle,,,,wifi,full,100,56858,1784933509398,20600,,,,,130834432,
2026-07-24 22:51:56.593000+00:00,samsung SM-X200,5293ac2e-1915-4c3b-8f9d-5d7a5ccf62d1,push,1,4,pima_diabetes,4294967297,154,0,1,gradient,submitted,,3,3,wifi,charging,100,900577,1784933514673,76841,342,144726,16635,6371,168189952,-688
2026-07-24 22:51:57.174000+00:00,samsung SM-X200,8290562d-2ac2-4701-a08f-14f98f73dfa7,push,1,4,breast_cancer,4294967297,114,0,1,gradient,submitted,,3,3,wifi,charging,100,900568,1784933515476,85186,2612,120306,47463,8767,168853504,
2026-07-24 22:51:57.753000+00:00,samsung SM-X200,b379008f-f450-4987-bba4-51517776290a,push,1,4,heart_disease,4294967297,59,0,1,gradient,submitted,,3,3,wifi,charging,100,900580,1784933516041,40782,1045,141284,23613,6898,169488384,
2026-07-24 22:51:59.334000+00:00,Google Pixel 9 Pro,5293ac2e-1915-4c3b-8f9d-5d7a5ccf62d1,push,0,4,pima_diabetes,4294967297,153,0,1,gradient,submitted,,3,3,wifi,discharging,66,900270,1784933516176,84838,743,155016,16672,6304,245264384,669
2026-07-24 22:52:00.164000+00:00,Google Pixel 9 Pro,8290562d-2ac2-4701-a08f-14f98f73dfa7,push,0,4,breast_cancer,4294967297,113,0,1,gradient,submitted,,3,3,wifi,discharging,66,901348,1784933520483,92223,1475,147238,47454,8723,246067200,
2026-07-24 22:52:01.383000+00:00,Google Pixel 9 Pro,b379008f-f450-4987-bba4-51517776290a,push,0,4,heart_disease,4294967297,59,0,1,gradient,submitted,,3,3,wifi,discharging,66,901821,1784933521706,45633,672,145393,23674,6854,246333440,
2026-07-24 23:05:56.454000+00:00,iPhone iPhone,5293ac2e-1915-4c3b-8f9d-5d7a5ccf62d1,push,3,4,pima_diabetes,4294967298,154,0,2,gradient,submitted,,3,3,wifi,full,100,900673,1784934355983,39990,310,159886,27893,6348,105185280,529
2026-07-24 23:05:57.232000+00:00,iPhone iPhone,8290562d-2ac2-4701-a08f-14f98f73dfa7,push,3,4,breast_cancer,4294967298,114,0,2,gradient,submitted,,3,3,wifi,full,100,900960,1784934357130,38490,808,250521,89587,8812,105234432,
2026-07-24 23:05:57.809000+00:00,iPhone iPhone,b379008f-f450-4987-bba4-51517776290a,push,3,4,heart_disease,4294967298,60,0,2,gradient,submitted,,3,3,wifi,full,100,901026,1784934357706,19847,381,176354,41839,6920,105299968,
2026-07-24 23:06:01.001000+00:00,Lenovo TB328FU,5293ac2e-1915-4c3b-8f9d-5d7a5ccf62d1,workmanager,2,4,pima_diabetes,4294967298,153,0,2,gradient,submitted,,3,3,wifi,full,100,845176,1784934353638,42826,1069,101748,27926,6348,141283328,
2026-07-24 23:06:01.681000+00:00,Lenovo TB328FU,8290562d-2ac2-4701-a08f-14f98f73dfa7,workmanager,2,4,breast_cancer,4294967298,114,0,2,gradient,submitted,,3,3,wifi,full,100,845598,1784934354650,85368,2762,116857,89623,8790,143138816,
2026-07-24 23:06:02.281000+00:00,Lenovo TB328FU,b379008f-f450-4987-bba4-51517776290a,workmanager,2,4,heart_disease,4294967298,59,0,2,gradient,submitted,,3,3,wifi,full,100,845837,1784934355235,41924,973,131132,41882,6898,143142912,
2026-07-24 23:06:56.448000+00:00,Lenovo TB328FU,5293ac2e-1915-4c3b-8f9d-5d7a5ccf62d1,push,2,4,pima_diabetes,,,,,,idle,,,,wifi,full,100,55482,1784934409120,22148,,,,,137043968,-6540
2026-07-24 23:06:56.855000+00:00,Lenovo TB328FU,8290562d-2ac2-4701-a08f-14f98f73dfa7,push,2,4,breast_cancer,,,,,,idle,,,,wifi,full,100,55160,1784934409810,23257,,,,,137064448,
2026-07-24 23:06:57.271000+00:00,Lenovo TB328FU,b379008f-f450-4987-bba4-51517776290a,push,2,4,heart_disease,,,,,,idle,,,,wifi,full,100,54984,1784934410219,21498,,,,,137400320,
2026-07-24 23:06:57.322000+00:00,samsung SM-X200,5293ac2e-1915-4c3b-8f9d-5d7a5ccf62d1,push,1,4,pima_diabetes,4294967298,154,0,2,gradient,submitted,,3,3,wifi,charging,100,900516,1784934415189,81477,538,164526,27928,6392,166502400,-881
2026-07-24 23:06:57.957000+00:00,samsung SM-X200,8290562d-2ac2-4701-a08f-14f98f73dfa7,push,1,4,breast_cancer,4294967298,114,0,2,gradient,submitted,,3,3,wifi,charging,100,900718,1784934416194,100647,3171,141423,89653,8768,160514048,
2026-07-24 23:06:58.666000+00:00,samsung SM-X200,b379008f-f450-4987-bba4-51517776290a,push,1,4,heart_disease,4294967298,59,0,2,gradient,submitted,,3,3,wifi,charging,100,900854,1784934416895,41090,1566,141842,41919,6898,160833536,
2026-07-24 23:07:01.078000+00:00,Google Pixel 9 Pro,5293ac2e-1915-4c3b-8f9d-5d7a5ccf62d1,push,0,4,pima_diabetes,4294967298,153,0,2,gradient,submitted,,3,3,wifi,discharging,66,901187,1784934417363,85277,1008,155758,27932,6348,245927936,1077
2026-07-24 23:07:01.880000+00:00,Google Pixel 9 Pro,8290562d-2ac2-4701-a08f-14f98f73dfa7,push,0,4,breast_cancer,4294967298,113,0,2,gradient,submitted,,3,3,wifi,discharging,66,901740,1784934422223,93415,2903,116931,89657,8768,246747136,
2026-07-24 23:07:02.681000+00:00,Google Pixel 9 Pro,b379008f-f450-4987-bba4-51517776290a,push,0,4,heart_disease,4294967298,59,0,2,gradient,submitted,,3,3,wifi,discharging,66,901317,1784934423023,52016,1237,149647,41877,6898,247025664,
2026-07-24 23:20:57.189000+00:00,iPhone iPhone,5293ac2e-1915-4c3b-8f9d-5d7a5ccf62d1,push,3,4,pima_diabetes,8589934592,154,1,0,gradient,submitted,,3,3,wifi,full,100,900615,1784935256598,20639,182,119590,10951,6692,89161728,489
2026-07-24 23:20:57.724000+00:00,iPhone iPhone,8290562d-2ac2-4701-a08f-14f98f73dfa7,push,3,4,breast_cancer,8589934592,114,1,0,gradient,submitted,,3,3,wifi,full,100,900486,1784935257616,36481,416,141540,26345,9112,90456064,
2026-07-24 23:20:58.207000+00:00,iPhone iPhone,b379008f-f450-4987-bba4-51517776290a,push,3,4,heart_disease,8589934592,60,1,0,gradient,submitted,,3,3,wifi,full,100,900396,1784935258102,19673,146,120664,14479,7241,90865664,
2026-07-24 23:21:03.801000+00:00,Lenovo TB328FU,5293ac2e-1915-4c3b-8f9d-5d7a5ccf62d1,workmanager,2,4,pima_diabetes,8589934592,153,1,0,gradient,submitted,,3,3,wifi,full,100,847349,1784935256469,51829,542,135488,11017,6670,149696512,
2026-07-24 23:21:04.445000+00:00,Lenovo TB328FU,8290562d-2ac2-4701-a08f-14f98f73dfa7,workmanager,2,4,breast_cancer,8589934592,114,1,0,gradient,submitted,,3,3,wifi,full,100,847599,1784935257409,82652,1305,157074,26384,9112,151531520,
2026-07-24 23:21:05.045000+00:00,Lenovo TB328FU,b379008f-f450-4987-bba4-51517776290a,workmanager,2,4,heart_disease,8589934592,59,1,0,gradient,submitted,,3,3,wifi,full,100,847793,1784935258012,67145,470,99384,14496,7241,151646208,
2026-07-24 23:21:57.306000+00:00,Lenovo TB328FU,5293ac2e-1915-4c3b-8f9d-5d7a5ccf62d1,push,2,4,pima_diabetes,,,,,,idle,,,,wifi,full,100,53534,1784935310003,24546,,,,,145666048,-6317
2026-07-24 23:21:57.740000+00:00,Lenovo TB328FU,8290562d-2ac2-4701-a08f-14f98f73dfa7,push,2,4,breast_cancer,,,,,,idle,,,,wifi,full,100,53283,1784935310692,23406,,,,,145666048,
2026-07-24 23:21:58.048000+00:00,samsung SM-X200,5293ac2e-1915-4c3b-8f9d-5d7a5ccf62d1,push,1,4,pima_diabetes,8589934592,154,1,0,gradient,submitted,,3,3,wifi,full,100,900763,1784935315952,40952,405,145739,11025,6714,172687360,-703
2026-07-24 23:21:58.129000+00:00,Lenovo TB328FU,b379008f-f450-4987-bba4-51517776290a,push,2,4,heart_disease,,,,,,idle,,,,wifi,full,100,53067,1784935311079,24087,,,,,146173952,
2026-07-24 23:21:58.698000+00:00,samsung SM-X200,8290562d-2ac2-4701-a08f-14f98f73dfa7,push,1,4,breast_cancer,8589934592,114,1,0,gradient,submitted,,3,3,wifi,full,100,900682,1784935316876,82607,1081,150805,26398,9090,172843008,
2026-07-24 23:21:59.261000+00:00,samsung SM-X200,b379008f-f450-4987-bba4-51517776290a,push,1,4,heart_disease,8589934592,59,1,0,gradient,submitted,,3,3,wifi,full,100,900545,1784935317440,39548,400,140740,14541,7219,172843008,
2026-07-24 23:22:00.407000+00:00,Google Pixel 9 Pro,5293ac2e-1915-4c3b-8f9d-5d7a5ccf62d1,push,0,4,pima_diabetes,8589934592,153,1,0,gradient,submitted,,3,3,wifi,discharging,66,900730,1784935318093,46233,608,151794,11001,6714,249106432,1110
2026-07-24 23:22:01.079000+00:00,Google Pixel 9 Pro,8290562d-2ac2-4701-a08f-14f98f73dfa7,push,0,4,breast_cancer,8589934592,113,1,0,gradient,submitted,,3,3,wifi,discharging,66,899230,1784935321453,95116,1210,148397,26394,9090,250933248,
2026-07-24 23:22:01.683000+00:00,Google Pixel 9 Pro,b379008f-f450-4987-bba4-51517776290a,push,0,4,heart_disease,8589934592,59,1,0,gradient,submitted,,3,3,wifi,discharging,66,899021,1784935322044,48000,641,153710,14508,7219,250933248,
2026-07-24 23:35:57.828000+00:00,iPhone iPhone,5293ac2e-1915-4c3b-8f9d-5d7a5ccf62d1,push,3,4,pima_diabetes,8589934593,154,1,1,gradient,submitted,,3,3,wifi,full,100,900841,1784936157439,39974,210,117833,16647,6571,92012544,671
2026-07-24 23:35:58.389000+00:00,iPhone iPhone,8290562d-2ac2-4701-a08f-14f98f73dfa7,push,3,4,breast_cancer,8589934593,114,1,1,gradient,submitted,,3,3,wifi,full,100,900671,1784936158287,39856,552,172643,47397,9036,92422144,
2026-07-24 23:35:58.834000+00:00,iPhone iPhone,b379008f-f450-4987-bba4-51517776290a,push,3,4,heart_disease,8589934593,60,1,1,gradient,submitted,,3,3,wifi,full,100,900631,1784936158733,19839,245,132891,23613,7122,92700672,
2026-07-24 23:36:06.471000+00:00,Lenovo TB328FU,5293ac2e-1915-4c3b-8f9d-5d7a5ccf62d1,workmanager,2,4,pima_diabetes,8589934593,153,1,1,gradient,submitted,,3,3,wifi,full,100,849164,1784936159167,43471,675,97025,16662,6568,152817664,
2026-07-24 23:36:07.128000+00:00,Lenovo TB328FU,8290562d-2ac2-4701-a08f-14f98f73dfa7,workmanager,2,4,breast_cancer,8589934593,114,1,1,gradient,submitted,,3,3,wifi,full,100,849407,1784936160099,87045,1708,125306,47450,8967,154550272,
2026-07-24 23:36:07.680000+00:00,Lenovo TB328FU,b379008f-f450-4987-bba4-51517776290a,workmanager,2,4,heart_disease,8589934593,59,1,1,gradient,submitted,,3,3,wifi,full,100,849575,1784936160654,43686,664,109090,23644,7097,154664960,
2026-07-24 23:36:58.138000+00:00,Lenovo TB328FU,5293ac2e-1915-4c3b-8f9d-5d7a5ccf62d1,push,2,4,pima_diabetes,,,,,,idle,,,,wifi,full,100,51680,1784936210847,20862,,,,,149590016,-6416
2026-07-24 23:36:58.576000+00:00,Lenovo TB328FU,8290562d-2ac2-4701-a08f-14f98f73dfa7,push,2,4,breast_cancer,,,,,,idle,,,,wifi,full,100,51418,1784936211517,37199,,,,,149770240,
2026-07-24 23:36:58.672000+00:00,samsung SM-X200,5293ac2e-1915-4c3b-8f9d-5d7a5ccf62d1,push,1,4,pima_diabetes,8589934593,154,1,1,gradient,submitted,,3,3,wifi,full,100,900640,1784936216592,108882,607,140330,16682,6549,166019072,-1044
2026-07-24 23:36:58.696000+00:00,Google Pixel 9 Pro,5293ac2e-1915-4c3b-8f9d-5d7a5ccf62d1,push,0,4,pima_diabetes,8589934593,153,1,1,gradient,submitted,,3,3,wifi,discharging,65,900791,1784936218884,94827,740,141612,16657,6571,238190592,982
2026-07-24 23:36:59.068000+00:00,Lenovo TB328FU,b379008f-f450-4987-bba4-51517776290a,push,2,4,heart_disease,,,,,,idle,,,,wifi,full,100,51379,1784936212033,130588,,,,,149970944,
2026-07-24 23:36:59.278000+00:00,samsung SM-X200,8290562d-2ac2-4701-a08f-14f98f73dfa7,push,1,4,breast_cancer,8589934593,114,1,1,gradient,submitted,,3,3,wifi,full,100,900537,1784936217413,123561,1451,120047,47434,8970,166080512,
2026-07-24 23:36:59.344000+00:00,Google Pixel 9 Pro,8290562d-2ac2-4701-a08f-14f98f73dfa7,push,0,4,breast_cancer,8589934593,113,1,1,gradient,submitted,,3,3,wifi,discharging,65,898282,1784936219735,88940,1445,155590,47453,8992,239091712,
2026-07-24 23:36:59.778000+00:00,samsung SM-X200,b379008f-f450-4987-bba4-51517776290a,push,1,4,heart_disease,8589934593,59,1,1,gradient,submitted,,3,3,wifi,full,100,900465,1784936217905,40688,857,136783,23657,7100,166080512,
2026-07-24 23:37:00.124000+00:00,Google Pixel 9 Pro,b379008f-f450-4987-bba4-51517776290a,push,0,4,heart_disease,8589934593,59,1,1,gradient,submitted,,3,3,wifi,discharging,65,898475,1784936220519,46977,642,346640,23637,7100,239034368,
2026-07-24 23:50:59.621000+00:00,iPhone iPhone,5293ac2e-1915-4c3b-8f9d-5d7a5ccf62d1,push,3,4,pima_diabetes,8589934594,154,1,2,gradient,submitted,,3,3,wifi,full,100,901714,1784937059153,41384,210,163247,27893,6635,93323264,1590
2026-07-24 23:51:00.290000+00:00,iPhone iPhone,8290562d-2ac2-4701-a08f-14f98f73dfa7,push,3,4,breast_cancer,8589934594,114,1,2,gradient,submitted,,3,3,wifi,full,100,901897,1784937060184,38859,825,257759,89590,9011,93716480,
2026-07-24 23:51:00.972000+00:00,iPhone iPhone,b379008f-f450-4987-bba4-51517776290a,push,3,4,heart_disease,8589934594,60,1,2,gradient,submitted,,3,3,wifi,full,100,902135,1784937060868,20915,414,171202,41874,7162,94044160,
2026-07-24 23:51:09.192000+00:00,Lenovo TB328FU,5293ac2e-1915-4c3b-8f9d-5d7a5ccf62d1,workmanager,2,4,pima_diabetes,8589934594,153,1,2,gradient,submitted,,3,3,wifi,full,100,851064,1784937061911,39797,1035,105135,27957,6591,158126080,
2026-07-24 23:51:09.840000+00:00,Lenovo TB328FU,8290562d-2ac2-4701-a08f-14f98f73dfa7,workmanager,2,4,breast_cancer,8589934594,114,1,2,gradient,submitted,,3,3,wifi,full,100,851293,1784937062810,86157,2459,116594,89650,9011,159027200,
2026-07-24 23:51:10.398000+00:00,Lenovo TB328FU,b379008f-f450-4987-bba4-51517776290a,workmanager,2,4,heart_disease,8589934594,59,1,2,gradient,submitted,,3,3,wifi,full,100,851335,1784937063368,41370,999,116235,41933,7162,159113216,
2026-07-24 23:51:59.474000+00:00,Lenovo TB328FU,5293ac2e-1915-4c3b-8f9d-5d7a5ccf62d1,push,2,4,pima_diabetes,,,,,,idle,,,,wifi,full,100,50194,1784937112105,49536,,,,,151990272,-6693
2026-07-24 23:51:59.499000+00:00,samsung SM-X200,5293ac2e-1915-4c3b-8f9d-5d7a5ccf62d1,workmanager,1,4,pima_diabetes,8589934594,154,1,2,gradient,submitted,,3,3,wifi,full,100,900735,1784937117327,77226,487,147989,27930,6613,177979392,
2026-07-24 23:51:59.917000+00:00,Lenovo TB328FU,8290562d-2ac2-4701-a08f-14f98f73dfa7,push,2,4,breast_cancer,,,,,,idle,,,,wifi,full,100,50070,1784937112880,22190,,,,,151920640,
2026-07-24 23:52:00.321000+00:00,Lenovo TB328FU,b379008f-f450-4987-bba4-51517776290a,push,2,4,heart_disease,,,,,,idle,,,,wifi,full,100,49896,1784937113264,27705,,,,,152227840,
2026-07-24 23:52:00.431000+00:00,samsung SM-X200,8290562d-2ac2-4701-a08f-14f98f73dfa7,workmanager,1,4,breast_cancer,8589934594,114,1,2,gradient,submitted,,3,3,wifi,full,100,901088,1784937118501,84810,3721,177629,89656,9033,179167232,
2026-07-24 23:52:01.015000+00:00,samsung SM-X200,b379008f-f450-4987-bba4-51517776290a,workmanager,1,4,heart_disease,8589934594,59,1,2,gradient,submitted,,3,3,wifi,full,100,901185,1784937119090,40074,1322,168236,41931,7140,179167232,
2026-07-24 23:53:41.345000+00:00,Google Pixel 9 Pro,5293ac2e-1915-4c3b-8f9d-5d7a5ccf62d1,push,0,4,pima_diabetes,8589934594,153,1,2,gradient,submitted,,3,3,wifi,discharging,65,1002335,1784937221219,91902,1032,150311,27903,6613,241205248,101729
2026-07-24 23:53:42.611000+00:00,Google Pixel 9 Pro,8290562d-2ac2-4701-a08f-14f98f73dfa7,push,0,4,breast_cancer,8589934594,113,1,2,gradient,submitted,,3,3,wifi,discharging,65,1003287,1784937223022,92719,2792,143751,89648,9011,241414144,
2026-07-24 23:53:43.540000+00:00,Google Pixel 9 Pro,b379008f-f450-4987-bba4-51517776290a,push,0,4,heart_disease,8589934594,59,1,2,gradient,submitted,,3,3,wifi,discharging,65,1003436,1784937223955,45926,915,151908,41910,7143,241958912,
2026-07-25 00:06:00.072000+00:00,iPhone iPhone,5293ac2e-1915-4c3b-8f9d-5d7a5ccf62d1,push,3,4,pima_diabetes,12884901888,154,2,0,gradient,submitted,,3,3,wifi,full,100,900540,1784937959693,20463,204,111523,10971,6931,85639168,581
2026-07-25 00:06:00.661000+00:00,iPhone iPhone,8290562d-2ac2-4701-a08f-14f98f73dfa7,push,3,4,breast_cancer,12884901888,114,2,0,gradient,submitted,,3,3,wifi,full,100,900374,1784937960558,39921,446,138948,26351,9321,86933504,
2026-07-25 00:06:01.152000+00:00,iPhone iPhone,b379008f-f450-4987-bba4-51517776290a,push,3,4,heart_disease,12884901888,60,2,0,gradient,submitted,,3,3,wifi,full,100,900179,1784937961047,19896,153,119326,14469,7459,87326720,
2026-07-25 00:06:11.916000+00:00,Lenovo TB328FU,5293ac2e-1915-4c3b-8f9d-5d7a5ccf62d1,workmanager,2,4,pima_diabetes,12884901888,153,2,0,gradient,submitted,,3,3,wifi,full,100,852504,1784937964609,44013,719,153635,10993,6931,161955840,
2026-07-25 00:06:12.762000+00:00,Lenovo TB328FU,8290562d-2ac2-4701-a08f-14f98f73dfa7,workmanager,2,4,breast_cancer,12884901888,114,2,0,gradient,submitted,,3,3,wifi,full,100,852852,1784937965732,88346,1486,97780,26410,9277,162566144,
2026-07-25 00:06:13.305000+00:00,Lenovo TB328FU,b379008f-f450-4987-bba4-51517776290a,workmanager,2,4,heart_disease,12884901888,59,2,0,gradient,submitted,,3,3,wifi,full,100,853007,1784937966271,50923,431,111568,14536,7482,162525184,
2026-07-25 00:07:00.268000+00:00,Lenovo TB328FU,5293ac2e-1915-4c3b-8f9d-5d7a5ccf62d1,push,2,4,pima_diabetes,,,,,,idle,,,,wifi,full,100,48390,1784938012999,21217,,,,,155283456,-6435
2026-07-25 00:07:00.687000+00:00,Lenovo TB328FU,8290562d-2ac2-4701-a08f-14f98f73dfa7,push,2,4,breast_cancer,,,,,,idle,,,,wifi,full,100,47919,1784938013651,22113,,,,,155283456,
2026-07-25 00:07:01.064000+00:00,Lenovo TB328FU,b379008f-f450-4987-bba4-51517776290a,push,2,4,heart_disease,,,,,,idle,,,,wifi,full,100,47750,1784938014021,22028,,,,,155484160,
2026-07-25 00:07:01.083000+00:00,Google Pixel 9 Pro,5293ac2e-1915-4c3b-8f9d-5d7a5ccf62d1,push,0,4,pima_diabetes,12884901888,153,2,0,gradient,submitted,,3,3,wifi,discharging,65,799871,1784938021090,46612,580,146636,11017,6909,234258432,1094
2026-07-25 00:07:01.452000+00:00,samsung SM-X200,5293ac2e-1915-4c3b-8f9d-5d7a5ccf62d1,push,1,4,pima_diabetes,12884901888,154,2,0,gradient,submitted,,3,3,wifi,full,100,901711,1784938019038,62561,289,160864,11005,6953,175456256,-747
2026-07-25 00:07:01.930000+00:00,Google Pixel 9 Pro,8290562d-2ac2-4701-a08f-14f98f73dfa7,push,0,4,breast_cancer,12884901888,113,2,0,gradient,submitted,,3,3,wifi,discharging,65,799338,1784938022360,97663,1199,149933,26430,9299,234569728,
2026-07-25 00:07:02.070000+00:00,samsung SM-X200,8290562d-2ac2-4701-a08f-14f98f73dfa7,push,1,4,breast_cancer,12884901888,114,2,0,gradient,submitted,,3,3,wifi,full,100,901580,1784938020081,84167,1125,150336,26407,9321,178040832,
2026-07-25 00:07:02.517000+00:00,Google Pixel 9 Pro,b379008f-f450-4987-bba4-51517776290a,push,0,4,heart_disease,12884901888,59,2,0,gradient,submitted,,3,3,wifi,discharging,65,798991,1784938022946,52484,571,152139,14543,7459,235110400,
2026-07-25 00:07:02.617000+00:00,samsung SM-X200,b379008f-f450-4987-bba4-51517776290a,push,1,4,heart_disease,12884901888,59,2,0,gradient,submitted,,3,3,wifi,full,100,901545,1784938020635,38945,667,158556,14520,7481,172056576,
2026-07-25 00:21:00.811000+00:00,iPhone iPhone,5293ac2e-1915-4c3b-8f9d-5d7a5ccf62d1,push,3,4,pima_diabetes,12884901889,154,2,1,gradient,submitted,,3,3,wifi,full,100,900732,1784938860425,19688,256,119441,16624,6809,70352896,586
2026-07-25 00:21:01.367000+00:00,iPhone iPhone,8290562d-2ac2-4701-a08f-14f98f73dfa7,push,3,4,breast_cancer,12884901889,114,2,1,gradient,submitted,,3,3,wifi,full,100,900705,1784938861263,40369,543,171219,47356,9219,70860800,
2026-07-25 00:21:01.874000+00:00,iPhone iPhone,b379008f-f450-4987-bba4-51517776290a,push,3,4,heart_disease,12884901889,60,2,1,gradient,submitted,,3,3,wifi,full,100,900727,1784938861774,19526,260,139719,23625,7359,71188480,
2026-07-25 00:21:14.769000+00:00,Lenovo TB328FU,5293ac2e-1915-4c3b-8f9d-5d7a5ccf62d1,workmanager,2,4,pima_diabetes,12884901889,153,2,1,gradient,submitted,,3,3,wifi,full,100,854505,1784938867504,41644,812,103611,16680,6831,164061184,
2026-07-25 00:21:15.423000+00:00,Lenovo TB328FU,8290562d-2ac2-4701-a08f-14f98f73dfa7,workmanager,2,4,breast_cancer,12884901889,114,2,1,gradient,submitted,,3,3,wifi,full,100,854748,1784938868399,91346,1817,127384,47459,9197,164745216,
2026-07-25 00:21:16.014000+00:00,Lenovo TB328FU,b379008f-f450-4987-bba4-51517776290a,workmanager,2,4,heart_disease,12884901889,59,2,1,gradient,submitted,,3,3,wifi,full,100,854964,1784938868985,51582,667,99953,23675,7337,164777984,
2026-07-25 00:22:00.726000+00:00,Lenovo TB328FU,5293ac2e-1915-4c3b-8f9d-5d7a5ccf62d1,push,2,4,pima_diabetes,,,,,,idle,,,,wifi,full,100,45972,1784938913476,21302,,,,,157937664,-6659
2026-07-25 00:22:01.152000+00:00,Lenovo TB328FU,8290562d-2ac2-4701-a08f-14f98f73dfa7,push,2,4,breast_cancer,,,,,,idle,,,,wifi,full,100,45720,1784938914119,22563,,,,,157937664,
2026-07-25 00:22:01.554000+00:00,Lenovo TB328FU,b379008f-f450-4987-bba4-51517776290a,push,2,4,heart_disease,,,,,,idle,,,,wifi,full,100,45525,1784938914510,22814,,,,,158285824,
2026-07-25 00:22:01.752000+00:00,samsung SM-X200,5293ac2e-1915-4c3b-8f9d-5d7a5ccf62d1,push,1,4,pima_diabetes,12884901889,154,2,1,gradient,submitted,,3,3,wifi,full,100,900408,1784938919446,37841,695,195869,16634,6809,155865088,-1093
2026-07-25 00:22:02.005000+00:00,Google Pixel 9 Pro,5293ac2e-1915-4c3b-8f9d-5d7a5ccf62d1,push,0,4,pima_diabetes,12884901889,153,2,1,gradient,submitted,,3,3,wifi,discharging,65,901150,1784938922240,46897,799,156066,16673,6787,230313984,1349
2026-07-25 00:22:02.353000+00:00,samsung SM-X200,8290562d-2ac2-4701-a08f-14f98f73dfa7,push,1,4,breast_cancer,12884901889,114,2,1,gradient,submitted,,3,3,wifi,full,100,900210,1784938920291,90043,1804,137626,47391,9197,164470784,
2026-07-25 00:22:02.636000+00:00,Google Pixel 9 Pro,8290562d-2ac2-4701-a08f-14f98f73dfa7,push,0,4,breast_cancer,12884901889,113,2,1,gradient,submitted,,3,3,wifi,discharging,65,900722,1784938923082,93279,2245,149366,47407,9175,232140800,
2026-07-25 00:22:02.931000+00:00,samsung SM-X200,b379008f-f450-4987-bba4-51517776290a,push,1,4,heart_disease,12884901889,59,2,1,gradient,submitted,,3,3,wifi,full,100,900248,1784938920883,39685,952,165944,23626,7359,162291712,
2026-07-25 00:22:03.631000+00:00,Google Pixel 9 Pro,b379008f-f450-4987-bba4-51517776290a,push,0,4,heart_disease,12884901889,59,2,1,gradient,submitted,,3,3,wifi,discharging,65,901139,1784938924085,55042,841,148585,23610,7337,232304640,
2026-07-25 00:36:01.751000+00:00,iPhone iPhone,5293ac2e-1915-4c3b-8f9d-5d7a5ccf62d1,push,3,4,pima_diabetes,12884901890,154,2,2,gradient,submitted,,3,3,wifi,full,100,900879,1784939761304,21239,340,155181,27833,6874,78184448,716
2026-07-25 00:36:02.394000+00:00,iPhone iPhone,8290562d-2ac2-4701-a08f-14f98f73dfa7,push,3,4,breast_cancer,12884901890,114,2,2,gradient,submitted,,3,3,wifi,full,100,901030,1784939762293,40545,789,247621,89588,9242,78266368,
2026-07-25 00:36:02.939000+00:00,iPhone iPhone,b379008f-f450-4987-bba4-51517776290a,push,3,4,heart_disease,12884901890,60,2,2,gradient,submitted,,3,3,wifi,full,100,901068,1784939762842,38875,407,173593,41883,7403,78348288,
2026-07-25 00:36:17.460000+00:00,Lenovo TB328FU,5293ac2e-1915-4c3b-8f9d-5d7a5ccf62d1,workmanager,2,4,pima_diabetes,12884901890,153,2,2,gradient,submitted,,3,3,wifi,full,100,856641,1784939770117,58037,926,107291,27913,6830,167510016,
2026-07-25 00:36:18.060000+00:00,Lenovo TB328FU,8290562d-2ac2-4701-a08f-14f98f73dfa7,workmanager,2,4,breast_cancer,12884901890,114,2,2,gradient,submitted,,3,3,wifi,full,100,856916,1784939771035,82227,3362,115994,89669,9241,168275968,
2026-07-25 00:36:18.698000+00:00,Lenovo TB328FU,b379008f-f450-4987-bba4-51517776290a,workmanager,2,4,heart_disease,12884901890,59,2,2,gradient,submitted,,3,3,wifi,full,100,857152,1784939771662,39795,1005,136840,41921,7381,168386560,
2026-07-25 00:37:01.482000+00:00,Lenovo TB328FU,5293ac2e-1915-4c3b-8f9d-5d7a5ccf62d1,push,2,4,pima_diabetes,,,,,,idle,,,,wifi,full,100,44037,1784939814154,22094,,,,,161165312,-6682
2026-07-25 00:37:01.901000+00:00,Lenovo TB328FU,8290562d-2ac2-4701-a08f-14f98f73dfa7,push,2,4,breast_cancer,,,,,,idle,,,,wifi,full,100,43799,1784939814834,20036,,,,,161280000,
2026-07-25 00:37:02.295000+00:00,Lenovo TB328FU,b379008f-f450-4987-bba4-51517776290a,push,2,4,heart_disease,,,,,,idle,,,,wifi,full,100,43601,1784939815263,22265,,,,,161415168,
2026-07-25 00:37:02.461000+00:00,samsung SM-X200,5293ac2e-1915-4c3b-8f9d-5d7a5ccf62d1,push,1,4,pima_diabetes,12884901890,154,2,2,gradient,submitted,,3,3,wifi,full,100,900669,1784939820115,38742,474,212995,27930,6830,149635072,-1143
2026-07-25 00:37:02.527000+00:00,Google Pixel 9 Pro,5293ac2e-1915-4c3b-8f9d-5d7a5ccf62d1,push,0,4,pima_diabetes,12884901890,153,2,2,gradient,submitted,,3,3,wifi,discharging,64,900293,1784939822533,40891,957,143254,27933,6830,236552192,1072
2026-07-25 00:37:03.084000+00:00,samsung SM-X200,8290562d-2ac2-4701-a08f-14f98f73dfa7,push,1,4,breast_cancer,12884901890,114,2,2,gradient,submitted,,3,3,wifi,full,100,900691,1784939820982,84537,1671,146135,89664,9241,150798336,
2026-07-25 00:37:03.773000+00:00,samsung SM-X200,b379008f-f450-4987-bba4-51517776290a,push,1,4,heart_disease,12884901890,59,2,2,gradient,submitted,,3,3,wifi,full,100,900781,1784939821664,45665,2234,154668,41922,7403,151597056,
2026-07-25 00:37:03.779000+00:00,Google Pixel 9 Pro,8290562d-2ac2-4701-a08f-14f98f73dfa7,push,0,4,breast_cancer,12884901890,113,2,2,gradient,submitted,,3,3,wifi,discharging,64,901159,1784939824241,89074,3379,125472,89695,9241,236404736,
2026-07-25 00:37:04.692000+00:00,Google Pixel 9 Pro,b379008f-f450-4987-bba4-51517776290a,push,0,4,heart_disease,12884901890,59,2,2,gradient,submitted,,3,3,wifi,discharging,64,901108,1784939825193,52551,1353,143316,41936,7381,236699648,
2026-07-25 00:51:02.215000+00:00,iPhone iPhone,5293ac2e-1915-4c3b-8f9d-5d7a5ccf62d1,push,3,4,pima_diabetes,17179869184,154,3,0,gradient,submitted,,3,3,wifi,full,100,900465,1784940661769,20449,197,117072,10947,7194,77414400,470
2026-07-25 00:51:02.745000+00:00,iPhone iPhone,8290562d-2ac2-4701-a08f-14f98f73dfa7,push,3,4,breast_cancer,17179869184,114,3,0,gradient,submitted,,3,3,wifi,full,100,900342,1784940662635,38583,196,132586,26370,9560,77447168,
2026-07-25 00:51:03.250000+00:00,iPhone iPhone,b379008f-f450-4987-bba4-51517776290a,push,3,4,heart_disease,17179869184,60,3,0,gradient,submitted,,3,3,wifi,full,100,900308,1784940663150,20120,165,127993,14454,7745,77463552,
2026-07-25 00:51:20.137000+00:00,Lenovo TB328FU,5293ac2e-1915-4c3b-8f9d-5d7a5ccf62d1,workmanager,2,4,pima_diabetes,17179869184,153,3,0,gradient,submitted,,3,3,wifi,full,100,858731,1784940672885,41124,566,95831,11039,7172,170442752,
2026-07-25 00:51:20.683000+00:00,Lenovo TB328FU,8290562d-2ac2-4701-a08f-14f98f73dfa7,workmanager,2,4,breast_cancer,17179869184,114,3,0,gradient,submitted,,3,3,wifi,full,100,858829,1784940673663,41008,1334,99508,26400,9538,171249664,
2026-07-25 00:51:21.266000+00:00,Lenovo TB328FU,b379008f-f450-4987-bba4-51517776290a,workmanager,2,4,heart_disease,17179869184,59,3,0,gradient,submitted,,3,3,wifi,full,100,858982,1784940674245,41696,437,119192,14524,7700,171167744,
2026-07-25 00:52:02.182000+00:00,Lenovo TB328FU,5293ac2e-1915-4c3b-8f9d-5d7a5ccf62d1,push,2,4,pima_diabetes,,,,,,idle,,,,wifi,full,100,42043,1784940714928,22871,,,,,163975168,-6583
2026-07-25 00:52:02.578000+00:00,Lenovo TB328FU,8290562d-2ac2-4701-a08f-14f98f73dfa7,push,2,4,breast_cancer,,,,,,idle,,,,wifi,full,100,41884,1784940715547,22772,,,,,163954688,
2026-07-25 00:52:03.040000+00:00,Lenovo TB328FU,b379008f-f450-4987-bba4-51517776290a,push,2,4,heart_disease,,,,,,idle,,,,wifi,full,100,41762,1784940716007,22361,,,,,164237312,
2026-07-25 00:52:03.670000+00:00,Google Pixel 9 Pro,5293ac2e-1915-4c3b-8f9d-5d7a5ccf62d1,push,0,4,pima_diabetes,17179869184,153,3,0,gradient,submitted,,3,3,wifi,discharging,64,901076,1784940723609,50205,716,149197,11012,7172,228388864,1422
2026-07-25 00:52:03.731000+00:00,samsung SM-X200,5293ac2e-1915-4c3b-8f9d-5d7a5ccf62d1,push,1,4,pima_diabetes,17179869184,154,3,0,gradient,submitted,,3,3,wifi,full,100,901244,1784940721359,37123,228,155460,10995,7172,153378816,-540
2026-07-25 00:52:04.336000+00:00,samsung SM-X200,8290562d-2ac2-4701-a08f-14f98f73dfa7,push,1,4,breast_cancer,17179869184,114,3,0,gradient,submitted,,3,3,wifi,full,100,901196,1784940722178,39957,755,149378,26406,9582,153284608,
2026-07-25 00:52:04.443000+00:00,Google Pixel 9 Pro,8290562d-2ac2-4701-a08f-14f98f73dfa7,push,0,4,breast_cancer,17179869184,113,3,0,gradient,submitted,,3,3,wifi,discharging,64,900688,1784940724929,51973,1266,145566,26424,9560,230809600,
2026-07-25 00:52:04.888000+00:00,samsung SM-X200,b379008f-f450-4987-bba4-51517776290a,push,1,4,heart_disease,17179869184,59,3,0,gradient,submitted,,3,3,wifi,full,100,901077,1784940722741,37796,275,134059,14528,7700,153948160,
2026-07-25 00:52:05.052000+00:00,Google Pixel 9 Pro,b379008f-f450-4987-bba4-51517776290a,push,0,4,heart_disease,17179869184,59,3,0,gradient,submitted,,3,3,wifi,discharging,64,900351,1784940725544,50738,530,151207,14500,7700,231104512,
2026-07-25 01:06:03.068000+00:00,iPhone iPhone,5293ac2e-1915-4c3b-8f9d-5d7a5ccf62d1,push,3,4,pima_diabetes,17179869185,154,3,1,gradient,submitted,,3,3,wifi,full,100,900925,1784941562694,20964,221,124247,16608,7049,75087872,722
2026-07-25 01:06:03.680000+00:00,iPhone iPhone,8290562d-2ac2-4701-a08f-14f98f73dfa7,push,3,4,breast_cancer,17179869185,114,3,1,gradient,submitted,,3,3,wifi,full,100,900944,1784941563579,45762,518,174691,47407,9459,75153408,
2026-07-25 01:06:04.172000+00:00,iPhone iPhone,b379008f-f450-4987-bba4-51517776290a,push,3,4,heart_disease,17179869185,60,3,1,gradient,submitted,,3,3,wifi,full,100,900919,1784941564069,22328,217,139958,23585,7576,75235328,
2026-07-25 01:06:22.948000+00:00,Lenovo TB328FU,5293ac2e-1915-4c3b-8f9d-5d7a5ccf62d1,workmanager,2,4,pima_diabetes,17179869185,153,3,1,gradient,submitted,,3,3,wifi,full,100,860710,1784941575638,55336,869,117896,16639,7071,157044736,
2026-07-25 01:06:23.623000+00:00,Lenovo TB328FU,8290562d-2ac2-4701-a08f-14f98f73dfa7,workmanager,2,4,breast_cancer,17179869185,114,3,1,gradient,submitted,,3,3,wifi,full,100,861058,1784941576605,102204,1823,156545,47456,9415,157884416,
2026-07-25 01:06:24.432000+00:00,Lenovo TB328FU,b379008f-f450-4987-bba4-51517776290a,workmanager,2,4,heart_disease,17179869185,59,3,1,gradient,submitted,,3,3,wifi,full,100,861401,1784941577408,43077,880,112496,23640,7576,157949952,
2026-07-25 01:07:03.266000+00:00,Lenovo TB328FU,5293ac2e-1915-4c3b-8f9d-5d7a5ccf62d1,push,2,4,pima_diabetes,,,,,,idle,,,,wifi,full,100,40365,1784941616003,98123,,,,,145223680,-6571
2026-07-25 01:07:03.659000+00:00,Lenovo TB328FU,8290562d-2ac2-4701-a08f-14f98f73dfa7,push,2,4,breast_cancer,,,,,,idle,,,,wifi,full,100,40023,1784941616628,22179,,,,,145461248,
2026-07-25 01:07:04.061000+00:00,Lenovo TB328FU,b379008f-f450-4987-bba4-51517776290a,push,2,4,heart_disease,,,,,,idle,,,,wifi,full,100,39614,1784941617022,21380,,,,,146165760,
2026-07-25 01:07:04.122000+00:00,samsung SM-X200,5293ac2e-1915-4c3b-8f9d-5d7a5ccf62d1,push,1,4,pima_diabetes,17179869185,154,3,1,gradient,submitted,,3,3,wifi,full,100,900268,1784941621627,48653,393,140809,16631,7049,162426880,-1145
2026-07-25 01:07:04.504000+00:00,Google Pixel 9 Pro,5293ac2e-1915-4c3b-8f9d-5d7a5ccf62d1,push,0,4,pima_diabetes,17179869185,153,3,1,gradient,submitted,,3,3,wifi,discharging,64,901034,1784941624643,54911,779,149383,16653,7027,236945408,1113
2026-07-25 01:07:04.669000+00:00,samsung SM-X200,8290562d-2ac2-4701-a08f-14f98f73dfa7,push,1,4,breast_cancer,17179869185,114,3,1,gradient,submitted,,3,3,wifi,full,100,900254,1784941622432,82806,1451,113457,47460,9437,161562624,
2026-07-25 01:07:05.296000+00:00,samsung SM-X200,b379008f-f450-4987-bba4-51517776290a,push,1,4,heart_disease,17179869185,59,3,1,gradient,submitted,,3,3,wifi,full,100,900336,1784941623077,40261,1588,160762,23688,7576,161562624,
2026-07-25 01:07:05.360000+00:00,Google Pixel 9 Pro,8290562d-2ac2-4701-a08f-14f98f73dfa7,push,0,4,breast_cancer,17179869185,113,3,1,gradient,submitted,,3,3,wifi,discharging,64,900937,1784941625866,96206,2771,160827,47451,9415,237543424,
2026-07-25 01:07:05.942000+00:00,Google Pixel 9 Pro,b379008f-f450-4987-bba4-51517776290a,push,0,4,heart_disease,17179869185,59,3,1,gradient,submitted,,3,3,wifi,discharging,64,900918,1784941626462,46966,621,147504,23658,7576,237506560,
2026-07-25 01:21:04.277000+00:00,iPhone iPhone,5293ac2e-1915-4c3b-8f9d-5d7a5ccf62d1,push,3,4,pima_diabetes,17179869186,154,3,2,gradient,submitted,,3,3,wifi,full,100,900772,1784942463466,19795,312,148099,27872,7093,75431936,588
2026-07-25 01:21:05.199000+00:00,iPhone iPhone,8290562d-2ac2-4701-a08f-14f98f73dfa7,push,3,4,breast_cancer,17179869186,114,3,2,gradient,submitted,,3,3,wifi,full,100,901511,1784942465090,38146,739,244731,89616,9459,75513856,
2026-07-25 01:21:05.747000+00:00,iPhone iPhone,b379008f-f450-4987-bba4-51517776290a,push,3,4,heart_disease,17179869186,60,3,2,gradient,submitted,,3,3,wifi,full,100,901575,1784942465644,21326,362,176494,41887,7642,75563008,
2026-07-25 01:21:25.816000+00:00,Lenovo TB328FU,5293ac2e-1915-4c3b-8f9d-5d7a5ccf62d1,workmanager,2,4,pima_diabetes,17179869186,153,3,2,gradient,submitted,,3,3,wifi,full,100,862536,1784942478539,40731,917,106979,27923,7071,154333184,
2026-07-25 01:21:26.405000+00:00,Lenovo TB328FU,8290562d-2ac2-4701-a08f-14f98f73dfa7,workmanager,2,4,breast_cancer,17179869186,114,3,2,gradient,submitted,,3,3,wifi,full,100,862753,1784942479381,43103,2408,118993,89573,9481,155443200,
2026-07-25 01:21:26.993000+00:00,Lenovo TB328FU,b379008f-f450-4987-bba4-51517776290a,workmanager,2,4,heart_disease,17179869186,59,3,2,gradient,submitted,,3,3,wifi,full,100,862954,1784942479976,59328,989,125649,41938,7620,156352512,
2026-07-25 01:22:03.724000+00:00,Lenovo TB328FU,5293ac2e-1915-4c3b-8f9d-5d7a5ccf62d1,push,2,4,pima_diabetes,,,,,,idle,,,,wifi,full,100,37941,1784942516480,22509,,,,,145457152,-6707
2026-07-25 01:22:04.121000+00:00,Lenovo TB328FU,8290562d-2ac2-4701-a08f-14f98f73dfa7,push,2,4,breast_cancer,,,,,,idle,,,,wifi,full,100,37714,1784942517095,21421,,,,,145514496,
2026-07-25 01:22:04.499000+00:00,Lenovo TB328FU,b379008f-f450-4987-bba4-51517776290a,push,2,4,heart_disease,,,,,,idle,,,,wifi,full,100,37505,1784942517481,22593,,,,,146198528,
2026-07-25 01:22:05.070000+00:00,samsung SM-X200,5293ac2e-1915-4c3b-8f9d-5d7a5ccf62d1,push,1,4,pima_diabetes,17179869186,154,3,2,gradient,submitted,,3,3,wifi,full,100,900641,1784942522268,41572,1115,134423,27962,7071,161968128,-1285
2026-07-25 01:22:05.637000+00:00,samsung SM-X200,8290562d-2ac2-4701-a08f-14f98f73dfa7,push,1,4,breast_cancer,17179869186,114,3,2,gradient,submitted,,3,3,wifi,full,100,900938,1784942523370,43784,2784,127945,89653,9503,161968128,
2026-07-25 01:22:06.838000+00:00,Google Pixel 9 Pro,5293ac2e-1915-4c3b-8f9d-5d7a5ccf62d1,push,0,4,pima_diabetes,17179869186,153,3,2,gradient,submitted,,3,3,wifi,discharging,63,900403,1784942525046,46841,798,151002,27911,7071,239845376,1185
2026-07-25 01:22:07.205000+00:00,samsung SM-X200,b379008f-f450-4987-bba4-51517776290a,push,1,4,heart_disease,17179869186,59,3,2,gradient,submitted,,3,3,wifi,full,100,901848,1784942524925,50449,1394,138625,41924,7642,162119680,
2026-07-25 01:22:07.418000+00:00,Google Pixel 9 Pro,8290562d-2ac2-4701-a08f-14f98f73dfa7,push,0,4,breast_cancer,17179869186,113,3,2,gradient,submitted,,3,3,wifi,discharging,63,902085,1784942527951,46182,2565,130362,89647,9459,239808512,
2026-07-25 01:22:08.132000+00:00,Google Pixel 9 Pro,b379008f-f450-4987-bba4-51517776290a,push,0,4,heart_disease,17179869186,59,3,2,gradient,submitted,,3,3,wifi,discharging,63,902204,1784942528666,52410,1155,153885,41908,7620,240316416,
2026-07-25 01:36:04.717000+00:00,iPhone iPhone,5293ac2e-1915-4c3b-8f9d-5d7a5ccf62d1,push,3,4,pima_diabetes,21474836480,154,4,0,gradient,submitted,,3,3,wifi,full,100,900806,1784943364272,22581,237,114544,10966,7337,75743232,617
2026-07-25 01:36:05.303000+00:00,iPhone iPhone,8290562d-2ac2-4701-a08f-14f98f73dfa7,push,3,4,breast_cancer,21474836480,114,4,0,gradient,submitted,,3,3,wifi,full,100,900109,1784943365199,42175,349,136780,26368,9748,75841536,
2026-07-25 01:36:05.802000+00:00,iPhone iPhone,b379008f-f450-4987-bba4-51517776290a,push,3,4,heart_disease,21474836480,60,4,0,gradient,submitted,,3,3,wifi,full,100,900043,1784943365687,20433,161,113857,14481,7883,75907072,
2026-07-25 01:36:28.433000+00:00,Lenovo TB328FU,5293ac2e-1915-4c3b-8f9d-5d7a5ccf62d1,workmanager,2,4,pima_diabetes,21474836480,153,4,0,gradient,submitted,,3,3,wifi,full,100,864634,1784943381114,44041,602,94216,11010,7337,155111424,
2026-07-25 01:36:29.473000+00:00,Lenovo TB328FU,8290562d-2ac2-4701-a08f-14f98f73dfa7,workmanager,2,4,breast_cancer,21474836480,114,4,0,gradient,submitted,,3,3,wifi,full,100,865357,1784943382452,523562,1557,97473,26375,9792,156344320,
2026-07-25 01:36:30.039000+00:00,Lenovo TB328FU,b379008f-f450-4987-bba4-51517776290a,workmanager,2,4,heart_disease,21474836480,59,4,0,gradient,submitted,,3,3,wifi,full,100,865542,1784943383023,43705,436,97634,14508,7905,156491776,
2026-07-25 01:37:04.691000+00:00,Lenovo TB328FU,5293ac2e-1915-4c3b-8f9d-5d7a5ccf62d1,push,2,4,pima_diabetes,,,,,,idle,,,,wifi,full,100,36340,1784943417454,20993,,,,,148725760,-6553
2026-07-25 01:37:05.060000+00:00,Lenovo TB328FU,8290562d-2ac2-4701-a08f-14f98f73dfa7,push,2,4,breast_cancer,,,,,,idle,,,,wifi,full,100,35593,1784943418045,20959,,,,,148733952,
2026-07-25 01:37:05.462000+00:00,Lenovo TB328FU,b379008f-f450-4987-bba4-51517776290a,push,2,4,heart_disease,,,,,,idle,,,,wifi,full,100,35415,1784943418438,21160,,,,,145727488,
2026-07-25 01:37:05.559000+00:00,samsung SM-X200,5293ac2e-1915-4c3b-8f9d-5d7a5ccf62d1,push,1,4,pima_diabetes,21474836480,154,4,0,gradient,submitted,,3,3,wifi,full,100,900741,1784943423009,38979,679,163814,11028,7360,167526400,-1400
2026-07-25 01:37:05.643000+00:00,Google Pixel 9 Pro,5293ac2e-1915-4c3b-8f9d-5d7a5ccf62d1,push,0,4,pima_diabetes,21474836480,153,4,0,gradient,submitted,,3,3,wifi,discharging,63,900854,1784943425900,42470,289,165507,11013,7426,230346752,1253
2026-07-25 01:37:06.110000+00:00,samsung SM-X200,8290562d-2ac2-4701-a08f-14f98f73dfa7,push,1,4,breast_cancer,21474836480,114,4,0,gradient,submitted,,3,3,wifi,full,100,900407,1784943423777,46507,1097,152184,26433,9725,167526400,
2026-07-25 01:37:06.251000+00:00,Google Pixel 9 Pro,8290562d-2ac2-4701-a08f-14f98f73dfa7,push,0,4,breast_cancer,21474836480,113,4,0,gradient,submitted,,3,3,wifi,discharging,63,898852,1784943426803,47526,790,144004,26415,9747,231301120,
2026-07-25 01:37:06.629000+00:00,samsung SM-X200,b379008f-f450-4987-bba4-51517776290a,push,1,4,heart_disease,21474836480,59,4,0,gradient,submitted,,3,3,wifi,full,100,899368,1784943424293,43915,822,160256,14531,7883,167546880,
2026-07-25 01:37:06.782000+00:00,Google Pixel 9 Pro,b379008f-f450-4987-bba4-51517776290a,push,0,4,heart_disease,21474836480,59,4,0,gradient,submitted,,3,3,wifi,discharging,63,898672,1784943427338,38193,599,136437,14526,7883,231718912,
2026-07-25 01:51:05.535000+00:00,iPhone iPhone,5293ac2e-1915-4c3b-8f9d-5d7a5ccf62d1,push,3,4,pima_diabetes,21474836481,154,4,1,gradient,submitted,,3,3,wifi,full,100,900897,1784944265169,20793,235,118312,16596,7258,76021760,697
2026-07-25 01:51:06.116000+00:00,iPhone iPhone,8290562d-2ac2-4701-a08f-14f98f73dfa7,push,3,4,breast_cancer,21474836481,114,4,1,gradient,submitted,,3,3,wifi,full,100,900804,1784944266003,40528,496,171633,47392,9645,76120064,
2026-07-25 01:51:06.694000+00:00,iPhone iPhone,b379008f-f450-4987-bba4-51517776290a,push,3,4,heart_disease,21474836481,60,4,1,gradient,submitted,,3,3,wifi,full,100,900906,1784944266593,21923,227,131230,23623,7805,76169216,
2026-07-25 01:51:31.416000+00:00,Lenovo TB328FU,5293ac2e-1915-4c3b-8f9d-5d7a5ccf62d1,workmanager,2,4,pima_diabetes,21474836481,153,4,1,gradient,submitted,,3,3,wifi,full,100,866705,1784944284159,42434,668,99719,16664,7235,156655616,
2026-07-25 01:51:32.025000+00:00,Lenovo TB328FU,8290562d-2ac2-4701-a08f-14f98f73dfa7,workmanager,2,4,breast_cancer,21474836481,114,4,1,gradient,submitted,,3,3,wifi,full,100,866973,1784944285018,43130,1786,127150,47444,9623,157462528,
2026-07-25 01:51:32.565000+00:00,Lenovo TB328FU,b379008f-f450-4987-bba4-51517776290a,workmanager,2,4,heart_disease,21474836481,59,4,1,gradient,submitted,,3,3,wifi,full,100,867115,1784944285553,44086,667,101096,23668,7783,157483008,
2026-07-25 01:52:05.484000+00:00,Lenovo TB328FU,5293ac2e-1915-4c3b-8f9d-5d7a5ccf62d1,push,2,4,pima_diabetes,,,,,,idle,,,,wifi,full,100,34082,1784944318241,20210,,,,,147337216,-6611
2026-07-25 01:52:05.851000+00:00,Lenovo TB328FU,8290562d-2ac2-4701-a08f-14f98f73dfa7,push,2,4,breast_cancer,,,,,,idle,,,,wifi,full,100,33830,1784944318848,22501,,,,,148033536,
2026-07-25 01:52:06.262000+00:00,Lenovo TB328FU,b379008f-f450-4987-bba4-51517776290a,push,2,4,heart_disease,,,,,,idle,,,,wifi,full,100,33695,1784944319248,23295,,,,,142905344,
2026-07-25 01:52:06.452000+00:00,Google Pixel 9 Pro,5293ac2e-1915-4c3b-8f9d-5d7a5ccf62d1,push,0,4,pima_diabetes,21474836481,153,4,1,gradient,submitted,,3,3,wifi,discharging,62,900921,1784944326821,48853,1067,157652,16642,7235,211853312,1366
2026-07-25 01:52:06.537000+00:00,samsung SM-X200,5293ac2e-1915-4c3b-8f9d-5d7a5ccf62d1,push,1,4,pima_diabetes,21474836481,154,4,1,gradient,submitted,,3,3,wifi,full,100,900937,1784944323946,40331,318,146887,16658,7258,172400640,-1342
2026-07-25 01:52:07.033000+00:00,samsung SM-X200,8290562d-2ac2-4701-a08f-14f98f73dfa7,push,1,4,breast_cancer,21474836481,114,4,1,gradient,submitted,,3,3,wifi,full,100,900870,1784944324647,40628,2443,121890,47457,9623,172400640,
2026-07-25 01:52:07.146000+00:00,Google Pixel 9 Pro,8290562d-2ac2-4701-a08f-14f98f73dfa7,push,0,4,breast_cancer,21474836481,113,4,1,gradient,submitted,,3,3,wifi,discharging,62,900905,1784944327708,50419,3526,171099,47432,9623,213241856,
2026-07-25 01:52:07.590000+00:00,samsung SM-X200,b379008f-f450-4987-bba4-51517776290a,push,1,4,heart_disease,21474836481,59,4,1,gradient,submitted,,3,3,wifi,full,100,900911,1784944325204,42805,569,152467,23676,7783,172404736,
2026-07-25 01:52:07.750000+00:00,Google Pixel 9 Pro,b379008f-f450-4987-bba4-51517776290a,push,0,4,heart_disease,21474836481,59,4,1,gradient,submitted,,3,3,wifi,discharging,62,900964,1784944328302,59017,706,150150,23633,7783,214020096,
2026-07-25 02:06:06.318000+00:00,iPhone iPhone,5293ac2e-1915-4c3b-8f9d-5d7a5ccf62d1,push,3,4,pima_diabetes,21474836482,154,4,2,gradient,submitted,,3,3,wifi,full,100,900739,1784945165908,20791,355,157875,27899,7301,62242816,631
2026-07-25 02:06:06.992000+00:00,iPhone iPhone,8290562d-2ac2-4701-a08f-14f98f73dfa7,push,3,4,breast_cancer,21474836482,114,4,2,gradient,submitted,,3,3,wifi,full,100,900882,1784945166885,41470,705,268859,89643,9667,63864832,
2026-07-25 02:06:07.550000+00:00,iPhone iPhone,b379008f-f450-4987-bba4-51517776290a,push,3,4,heart_disease,21474836482,60,4,2,gradient,submitted,,3,3,wifi,full,100,900858,1784945167451,21946,411,176774,41818,7893,64585728,
2026-07-25 02:06:33.979000+00:00,Lenovo TB328FU,5293ac2e-1915-4c3b-8f9d-5d7a5ccf62d1,workmanager,2,4,pima_diabetes,21474836482,153,4,2,gradient,submitted,,3,3,wifi,full,100,868398,1784945186639,41292,947,100524,27925,7279,157233152,
2026-07-25 02:06:34.540000+00:00,Lenovo TB328FU,8290562d-2ac2-4701-a08f-14f98f73dfa7,workmanager,2,4,breast_cancer,21474836482,114,4,2,gradient,submitted,,3,3,wifi,full,100,868682,1784945187530,44021,2568,116927,89684,9667,159272960,
2026-07-25 02:06:35.121000+00:00,Lenovo TB328FU,b379008f-f450-4987-bba4-51517776290a,workmanager,2,4,heart_disease,21474836482,59,4,2,gradient,submitted,,3,3,wifi,full,100,868839,1784945188087,43724,1005,122301,41927,7827,159989760,
2026-07-25 02:07:06.153000+00:00,Lenovo TB328FU,5293ac2e-1915-4c3b-8f9d-5d7a5ccf62d1,push,2,4,pima_diabetes,,,,,,idle,,,,wifi,full,100,32295,1784945218934,21026,,,,,152096768,-6615
2026-07-25 02:07:06.554000+00:00,Lenovo TB328FU,8290562d-2ac2-4701-a08f-14f98f73dfa7,push,2,4,breast_cancer,,,,,,idle,,,,wifi,full,100,32014,1784945219544,21765,,,,,152264704,
2026-07-25 02:07:06.974000+00:00,Lenovo TB328FU,b379008f-f450-4987-bba4-51517776290a,push,2,4,heart_disease,,,,,,idle,,,,wifi,full,100,31864,1784945219951,65323,,,,,152702976,
2026-07-25 02:07:07.067000+00:00,samsung SM-X200,5293ac2e-1915-4c3b-8f9d-5d7a5ccf62d1,push,1,4,pima_diabetes,21474836482,154,4,2,gradient,submitted,,3,3,wifi,full,100,900467,1784945224413,46453,376,136348,27938,7301,172998656,-1446
2026-07-25 02:07:07.452000+00:00,Google Pixel 9 Pro,5293ac2e-1915-4c3b-8f9d-5d7a5ccf62d1,push,0,4,pima_diabetes,21474836482,153,4,2,gradient,submitted,,3,3,wifi,discharging,62,900919,1784945227740,47839,1223,414526,27919,7279,217763840,1294
2026-07-25 02:07:07.786000+00:00,samsung SM-X200,8290562d-2ac2-4701-a08f-14f98f73dfa7,push,1,4,breast_cancer,21474836482,114,4,2,gradient,submitted,,3,3,wifi,full,100,900685,1784945225332,56315,2042,129013,89597,9711,171364352,
2026-07-25 02:07:08.025000+00:00,Google Pixel 9 Pro,8290562d-2ac2-4701-a08f-14f98f73dfa7,push,0,4,breast_cancer,21474836482,113,4,2,gradient,submitted,,3,3,wifi,discharging,62,900908,1784945228616,49278,2174,121218,89630,9667,218460160,
2026-07-25 02:07:08.341000+00:00,samsung SM-X200,b379008f-f450-4987-bba4-51517776290a,push,1,4,heart_disease,21474836482,59,4,2,gradient,submitted,,3,3,wifi,full,100,900669,1784945225873,38698,315,112732,41941,7827,171958272,
2026-07-25 02:07:08.619000+00:00,Google Pixel 9 Pro,b379008f-f450-4987-bba4-51517776290a,push,0,4,heart_disease,21474836482,59,4,2,gradient,submitted,,3,3,wifi,discharging,62,900907,1784945229209,48593,1062,147194,41886,7827,218353664,
2026-07-25 02:21:07.312000+00:00,iPhone iPhone,5293ac2e-1915-4c3b-8f9d-5d7a5ccf62d1,push,3,4,pima_diabetes,25769803776,154,5,0,gradient,submitted,,3,3,wifi,full,100,900922,1784946066830,23439,116,111522,10937,7664,64733184,796
2026-07-25 02:21:07.959000+00:00,iPhone iPhone,8290562d-2ac2-4701-a08f-14f98f73dfa7,push,3,4,breast_cancer,25769803776,114,5,0,gradient,submitted,,3,3,wifi,full,100,900964,1784946067849,43879,243,135172,26362,9955,65077248,
2026-07-25 02:21:08.499000+00:00,iPhone iPhone,b379008f-f450-4987-bba4-51517776290a,push,3,4,heart_disease,25769803776,60,5,0,gradient,submitted,,3,3,wifi,full,100,900936,1784946068387,38899,133,135636,14466,8093,65355776,
2026-07-25 02:21:36.520000+00:00,Lenovo TB328FU,5293ac2e-1915-4c3b-8f9d-5d7a5ccf62d1,workmanager,2,4,pima_diabetes,25769803776,153,5,0,gradient,submitted,,3,3,wifi,full,100,870288,1784946089222,40831,569,100129,11000,7642,160825344,
2026-07-25 02:21:37.089000+00:00,Lenovo TB328FU,8290562d-2ac2-4701-a08f-14f98f73dfa7,workmanager,2,4,breast_cancer,25769803776,114,5,0,gradient,submitted,,3,3,wifi,full,100,870536,1784946090080,42868,1392,102545,26387,9955,161382400,
2026-07-25 02:21:37.688000+00:00,Lenovo TB328FU,b379008f-f450-4987-bba4-51517776290a,workmanager,2,4,heart_disease,25769803776,59,5,0,gradient,submitted,,3,3,wifi,full,100,870707,1784946090658,91471,439,101703,14516,8093,161439744,
2026-07-25 02:22:07.152000+00:00,Lenovo TB328FU,5293ac2e-1915-4c3b-8f9d-5d7a5ccf62d1,push,2,4,pima_diabetes,,,,,,idle,,,,wifi,full,100,30613,1784946119835,20261,,,,,153460736,-6690
2026-07-25 02:22:07.560000+00:00,Lenovo TB328FU,8290562d-2ac2-4701-a08f-14f98f73dfa7,push,2,4,breast_cancer,,,,,,idle,,,,wifi,full,100,30458,1784946120538,22225,,,,,153604096,
2026-07-25 02:22:08.005000+00:00,Lenovo TB328FU,b379008f-f450-4987-bba4-51517776290a,push,2,4,heart_disease,,,,,,idle,,,,wifi,full,100,30324,1784946120982,21998,,,,,153976832,
2026-07-25 02:22:08.005000+00:00,samsung SM-X200,5293ac2e-1915-4c3b-8f9d-5d7a5ccf62d1,push,1,4,pima_diabetes,25769803776,154,5,0,gradient,submitted,,3,3,wifi,full,100,900809,1784946125222,41741,467,148189,11014,7620,174235648,-1566
2026-07-25 02:22:08.531000+00:00,samsung SM-X200,8290562d-2ac2-4701-a08f-14f98f73dfa7,push,1,4,breast_cancer,25769803776,114,5,0,gradient,submitted,,3,3,wifi,full,100,900702,1784946126034,42448,452,134429,26380,9933,174235648,
2026-07-25 02:22:09.122000+00:00,samsung SM-X200,b379008f-f450-4987-bba4-51517776290a,push,1,4,heart_disease,25769803776,59,5,0,gradient,submitted,,3,3,wifi,full,100,900746,1784946126619,79906,392,150825,14517,8093,174403584,
2026-07-25 02:22:10.431000+00:00,Google Pixel 9 Pro,5293ac2e-1915-4c3b-8f9d-5d7a5ccf62d1,push,0,4,pima_diabetes,25769803776,153,5,0,gradient,submitted,,3,3,wifi,discharging,62,900436,1784946128176,52211,1585,140292,10987,7598,221528064,1027
2026-07-25 02:22:11.211000+00:00,Google Pixel 9 Pro,8290562d-2ac2-4701-a08f-14f98f73dfa7,push,0,4,breast_cancer,25769803776,113,5,0,gradient,submitted,,3,3,wifi,discharging,62,903197,1784946131813,49377,2315,148683,26379,9933,221999104,
2026-07-25 02:22:11.869000+00:00,Google Pixel 9 Pro,b379008f-f450-4987-bba4-51517776290a,push,0,4,heart_disease,25769803776,59,5,0,gradient,submitted,,3,3,wifi,discharging,62,903272,1784946132481,96400,517,151288,14520,8093,222035968,
2026-07-25 02:36:07.960000+00:00,iPhone iPhone,5293ac2e-1915-4c3b-8f9d-5d7a5ccf62d1,push,3,4,pima_diabetes,25769803777,154,5,1,gradient,submitted,,3,3,wifi,full,100,900743,1784946967573,22454,230,116983,16592,7518,70877184,542
2026-07-25 02:36:08.530000+00:00,iPhone iPhone,8290562d-2ac2-4701-a08f-14f98f73dfa7,push,3,4,breast_cancer,25769803777,114,5,1,gradient,submitted,,3,3,wifi,full,100,900579,1784946968428,41953,520,170256,47367,9831,71204864,
2026-07-25 02:36:09.034000+00:00,iPhone iPhone,b379008f-f450-4987-bba4-51517776290a,push,3,4,heart_disease,25769803777,60,5,1,gradient,submitted,,3,3,wifi,full,100,900543,1784946968930,22517,223,130450,23614,8012,71467008,
2026-07-25 02:36:39.008000+00:00,Lenovo TB328FU,5293ac2e-1915-4c3b-8f9d-5d7a5ccf62d1,workmanager,2,4,pima_diabetes,25769803777,153,5,1,gradient,submitted,,3,3,wifi,full,100,871964,1784946991799,41539,811,99190,16618,7518,161591296,
2026-07-25 02:36:39.607000+00:00,Lenovo TB328FU,8290562d-2ac2-4701-a08f-14f98f73dfa7,workmanager,2,4,breast_cancer,25769803777,114,5,1,gradient,submitted,,3,3,wifi,full,100,872065,1784946992603,42204,1816,121347,47439,9831,162332672,
2026-07-25 02:36:40.219000+00:00,Lenovo TB328FU,b379008f-f450-4987-bba4-51517776290a,workmanager,2,4,heart_disease,25769803777,59,5,1,gradient,submitted,,3,3,wifi,full,100,872230,1784946993212,41566,707,100314,23685,7990,162398208,
2026-07-25 02:37:07.977000+00:00,Lenovo TB328FU,5293ac2e-1915-4c3b-8f9d-5d7a5ccf62d1,push,2,4,pima_diabetes,,,,,,idle,,,,wifi,full,100,28951,1784947020750,19852,,,,,155680768,-6528
2026-07-25 02:37:08.399000+00:00,Lenovo TB328FU,8290562d-2ac2-4701-a08f-14f98f73dfa7,push,2,4,breast_cancer,,,,,,idle,,,,wifi,full,100,28784,1784947021387,40988,,,,,155291648,
2026-07-25 02:37:08.752000+00:00,Lenovo TB328FU,b379008f-f450-4987-bba4-51517776290a,push,2,4,heart_disease,,,,,,idle,,,,wifi,full,100,28543,1784947021755,19487,,,,,155611136,
2026-07-25 02:37:09.056000+00:00,samsung SM-X200,5293ac2e-1915-4c3b-8f9d-5d7a5ccf62d1,push,1,4,pima_diabetes,25769803777,154,5,1,gradient,submitted,,3,3,wifi,full,100,901038,1784947026260,58725,602,147500,16666,7518,175058944,-1464
2026-07-25 02:37:09.103000+00:00,Google Pixel 9 Pro,5293ac2e-1915-4c3b-8f9d-5d7a5ccf62d1,push,0,4,pima_diabetes,25769803777,153,5,1,gradient,submitted,,3,3,wifi,discharging,61,900946,1784947029122,44847,809,150812,16630,7474,220536832,1295
2026-07-25 02:37:09.680000+00:00,Google Pixel 9 Pro,8290562d-2ac2-4701-a08f-14f98f73dfa7,push,0,4,breast_cancer,25769803777,113,5,1,gradient,submitted,,3,3,wifi,discharging,61,898494,1784947030307,46360,2225,137697,47446,9831,220647424,
2026-07-25 02:37:09.713000+00:00,samsung SM-X200,8290562d-2ac2-4701-a08f-14f98f73dfa7,push,1,4,breast_cancer,25769803777,114,5,1,gradient,submitted,,3,3,wifi,full,100,901029,1784947027063,58422,605,109020,47488,9853,172773376,
2026-07-25 02:37:10.265000+00:00,samsung SM-X200,b379008f-f450-4987-bba4-51517776290a,push,1,4,heart_disease,25769803777,59,5,1,gradient,submitted,,3,3,wifi,full,100,901089,1784947027708,36434,248,132092,23624,8034,167350272,
2026-07-25 02:37:10.273000+00:00,Google Pixel 9 Pro,b379008f-f450-4987-bba4-51517776290a,push,0,4,heart_disease,25769803777,59,5,1,gradient,submitted,,3,3,wifi,discharging,61,898423,1784947030904,54831,667,149416,23670,7990,220831744,
2026-07-25 02:51:09.357000+00:00,iPhone iPhone,5293ac2e-1915-4c3b-8f9d-5d7a5ccf62d1,push,3,4,pima_diabetes,25769803778,154,5,2,gradient,submitted,,3,3,wifi,full,100,901379,1784947868952,22800,380,160337,27887,7562,71483392,564
2026-07-25 02:51:09.991000+00:00,iPhone iPhone,8290562d-2ac2-4701-a08f-14f98f73dfa7,push,3,4,breast_cancer,25769803778,114,5,2,gradient,submitted,,3,3,wifi,full,100,901463,1784947869891,41275,868,250215,89570,9875,71532544,
2026-07-25 02:51:10.542000+00:00,iPhone iPhone,b379008f-f450-4987-bba4-51517776290a,push,3,4,heart_disease,25769803778,60,5,2,gradient,submitted,,3,3,wifi,full,100,901509,1784947870439,38392,359,173207,41840,8057,71548928,
2026-07-25 02:51:41.623000+00:00,Lenovo TB328FU,5293ac2e-1915-4c3b-8f9d-5d7a5ccf62d1,workmanager,2,4,pima_diabetes,25769803778,153,5,2,gradient,submitted,,3,3,wifi,full,100,873590,1784947894340,44036,1159,100095,27911,7584,164732928,
2026-07-25 02:51:42.205000+00:00,Lenovo TB328FU,8290562d-2ac2-4701-a08f-14f98f73dfa7,workmanager,2,4,breast_cancer,25769803778,114,5,2,gradient,submitted,,3,3,wifi,full,100,873813,1784947895200,41720,2657,122128,89627,9875,159109120,
2026-07-25 02:51:42.800000+00:00,Lenovo TB328FU,b379008f-f450-4987-bba4-51517776290a,workmanager,2,4,heart_disease,25769803778,59,5,2,gradient,submitted,,3,3,wifi,full,100,874040,1784947895795,87609,976,118992,41898,8035,159121408,
2026-07-25 02:52:08.826000+00:00,Lenovo TB328FU,5293ac2e-1915-4c3b-8f9d-5d7a5ccf62d1,push,2,4,pima_diabetes,,,,,,idle,,,,wifi,full,100,27213,1784947921553,22583,,,,,151769088,-6553
2026-07-25 02:52:09.214000+00:00,Lenovo TB328FU,8290562d-2ac2-4701-a08f-14f98f73dfa7,push,2,4,breast_cancer,,,,,,idle,,,,wifi,full,100,27002,1784947922202,22365,,,,,151752704,
2026-07-25 02:52:09.580000+00:00,Lenovo TB328FU,b379008f-f450-4987-bba4-51517776290a,push,2,4,heart_disease,,,,,,idle,,,,wifi,full,100,26769,1784947922564,21868,,,,,152027136,
2026-07-25 02:52:09.583000+00:00,samsung SM-X200,5293ac2e-1915-4c3b-8f9d-5d7a5ccf62d1,push,1,4,pima_diabetes,25769803778,154,5,2,gradient,submitted,,3,3,wifi,full,100,900487,1784947926747,40294,412,202085,27910,7563,167170048,-1776
2026-07-25 02:52:10.146000+00:00,samsung SM-X200,8290562d-2ac2-4701-a08f-14f98f73dfa7,push,1,4,breast_cancer,25769803778,114,5,2,gradient,submitted,,3,3,wifi,full,100,900460,1784947927523,40226,2940,136153,89672,9897,167165952,
2026-07-25 02:52:10.726000+00:00,samsung SM-X200,b379008f-f450-4987-bba4-51517776290a,push,1,4,heart_disease,25769803778,59,5,2,gradient,submitted,,3,3,wifi,full,100,900397,1784947928105,83170,1237,139194,41893,8057,167190528,
2026-07-25 02:52:11.875000+00:00,Google Pixel 9 Pro,5293ac2e-1915-4c3b-8f9d-5d7a5ccf62d1,push,0,4,pima_diabetes,25769803778,153,5,2,gradient,submitted,,3,3,wifi,discharging,61,900545,1784947929667,54764,1002,148990,27894,7518,220246016,1169
2026-07-25 02:52:12.641000+00:00,Google Pixel 9 Pro,8290562d-2ac2-4701-a08f-14f98f73dfa7,push,0,4,breast_cancer,25769803778,113,5,2,gradient,submitted,,3,3,wifi,discharging,61,902977,1784947933284,47498,3709,130775,89666,9875,220995584,
2026-07-25 02:52:13.334000+00:00,Google Pixel 9 Pro,b379008f-f450-4987-bba4-51517776290a,push,0,4,heart_disease,25769803778,59,5,2,gradient,submitted,,3,3,wifi,discharging,61,903056,1784947933960,99769,1442,139854,41930,8035,221274112,
2026-07-25 03:06:09.508000+00:00,iPhone iPhone,5293ac2e-1915-4c3b-8f9d-5d7a5ccf62d1,push,3,4,pima_diabetes,30064771072,154,6,0,gradient,submitted,,3,3,wifi,full,100,900092,1784948769044,20922,212,106509,10945,7852,71663616,649
2026-07-25 03:06:10.042000+00:00,iPhone iPhone,8290562d-2ac2-4701-a08f-14f98f73dfa7,push,3,4,breast_cancer,30064771072,114,6,0,gradient,submitted,,3,3,wifi,full,100,900049,1784948769940,38615,351,131619,26362,10237,71729152,
2026-07-25 03:06:10.553000+00:00,iPhone iPhone,b379008f-f450-4987-bba4-51517776290a,push,3,4,heart_disease,30064771072,60,6,0,gradient,submitted,,3,3,wifi,full,100,900013,1784948770452,39965,185,110883,14461,8319,71745536,
2026-07-25 03:06:44.362000+00:00,Lenovo TB328FU,5293ac2e-1915-4c3b-8f9d-5d7a5ccf62d1,workmanager,2,4,pima_diabetes,30064771072,153,6,0,gradient,submitted,,3,3,wifi,full,100,875520,1784948797073,43286,297,111318,10982,7852,133484544,
2026-07-25 03:06:44.906000+00:00,Lenovo TB328FU,8290562d-2ac2-4701-a08f-14f98f73dfa7,workmanager,2,4,breast_cancer,30064771072,114,6,0,gradient,submitted,,3,3,wifi,full,100,875717,1784948797919,56701,668,106529,26410,10193,137060352,
2026-07-25 03:06:45.446000+00:00,Lenovo TB328FU,b379008f-f450-4987-bba4-51517776290a,workmanager,2,4,heart_disease,30064771072,59,6,0,gradient,submitted,,3,3,wifi,full,100,875890,1784948798454,67500,488,125159,14533,8319,137129984,
2026-07-25 03:07:09.586000+00:00,Lenovo TB328FU,5293ac2e-1915-4c3b-8f9d-5d7a5ccf62d1,push,2,4,pima_diabetes,,,,,,idle,,,,wifi,full,100,25148,1784948822221,22327,,,,,134017024,-6571
2026-07-25 03:07:10.236000+00:00,Lenovo TB328FU,8290562d-2ac2-4701-a08f-14f98f73dfa7,push,2,4,breast_cancer,,,,,,idle,,,,wifi,full,100,25296,1784948823215,19981,,,,,134623232,
2026-07-25 03:07:10.409000+00:00,samsung SM-X200,5293ac2e-1915-4c3b-8f9d-5d7a5ccf62d1,push,1,4,pima_diabetes,30064771072,154,6,0,gradient,submitted,,3,3,wifi,full,100,900716,1784948827463,38804,499,152928,11010,7896,163233792,-1653
2026-07-25 03:07:10.636000+00:00,Lenovo TB328FU,b379008f-f450-4987-bba4-51517776290a,push,2,4,heart_disease,,,,,,idle,,,,wifi,full,100,25150,1784948823604,22053,,,,,135094272,
2026-07-25 03:07:10.983000+00:00,samsung SM-X200,8290562d-2ac2-4701-a08f-14f98f73dfa7,push,1,4,breast_cancer,30064771072,114,6,0,gradient,submitted,,3,3,wifi,full,100,900780,1784948828303,41323,1192,151709,26392,10193,163233792,
2026-07-25 03:07:11.601000+00:00,samsung SM-X200,b379008f-f450-4987-bba4-51517776290a,push,1,4,heart_disease,30064771072,59,6,0,gradient,submitted,,3,3,wifi,full,100,900815,1784948828920,88651,444,143804,14487,8297,163233792,
2026-07-25 03:07:12.586000+00:00,Google Pixel 9 Pro,5293ac2e-1915-4c3b-8f9d-5d7a5ccf62d1,push,0,4,pima_diabetes,30064771072,153,6,0,gradient,submitted,,3,3,wifi,discharging,61,901108,1784948830775,42489,927,150059,11015,7830,222633984,1417
2026-07-25 03:07:13.369000+00:00,Google Pixel 9 Pro,8290562d-2ac2-4701-a08f-14f98f73dfa7,push,0,4,breast_cancer,30064771072,113,6,0,gradient,submitted,,3,3,wifi,discharging,61,900756,1784948834040,51343,1851,146927,26364,10193,222855168,
2026-07-25 03:07:14.226000+00:00,Google Pixel 9 Pro,b379008f-f450-4987-bba4-51517776290a,push,0,4,heart_disease,30064771072,59,6,0,gradient,submitted,,3,3,wifi,discharging,61,900939,1784948834899,93612,561,141888,14501,8297,223342592,
2026-07-25 03:21:10.391000+00:00,iPhone iPhone,5293ac2e-1915-4c3b-8f9d-5d7a5ccf62d1,push,3,4,pima_diabetes,30064771073,154,6,1,gradient,submitted,,3,3,wifi,full,100,900836,1784949669880,22565,285,111729,16601,7755,71892992,649
2026-07-25 03:21:10.979000+00:00,iPhone iPhone,8290562d-2ac2-4701-a08f-14f98f73dfa7,push,3,4,breast_cancer,30064771073,114,6,1,gradient,submitted,,3,3,wifi,full,100,900923,1784949670863,40274,498,178632,47402,10071,71991296,
2026-07-25 03:21:11.516000+00:00,iPhone iPhone,b379008f-f450-4987-bba4-51517776290a,push,3,4,heart_disease,30064771073,60,6,1,gradient,submitted,,3,3,wifi,full,100,900958,1784949671410,38314,238,141143,23625,8219,72040448,
2026-07-25 03:21:46.912000+00:00,Lenovo TB328FU,5293ac2e-1915-4c3b-8f9d-5d7a5ccf62d1,workmanager,2,4,pima_diabetes,30064771073,153,6,1,gradient,submitted,,3,3,wifi,full,100,877410,1784949699631,40587,943,95604,16638,7733,147030016,
2026-07-25 03:21:47.542000+00:00,Lenovo TB328FU,8290562d-2ac2-4701-a08f-14f98f73dfa7,workmanager,2,4,breast_cancer,30064771073,114,6,1,gradient,submitted,,3,3,wifi,full,100,877322,1784949700537,43749,1859,136830,47435,10115,148697088,
2026-07-25 03:21:48.187000+00:00,Lenovo TB328FU,b379008f-f450-4987-bba4-51517776290a,workmanager,2,4,heart_disease,30064771073,59,6,1,gradient,submitted,,3,3,wifi,full,100,877575,1784949701179,82571,966,159863,23607,8219,148828160,
2026-07-25 03:22:10.179000+00:00,Lenovo TB328FU,5293ac2e-1915-4c3b-8f9d-5d7a5ccf62d1,push,2,4,pima_diabetes,,,,,,idle,,,,wifi,full,100,23274,1784949722905,21630,,,,,139915264,-6658
2026-07-25 03:22:10.577000+00:00,Lenovo TB328FU,8290562d-2ac2-4701-a08f-14f98f73dfa7,push,2,4,breast_cancer,,,,,,idle,,,,wifi,full,100,23035,1784949723572,25115,,,,,140099584,
2026-07-25 03:22:10.998000+00:00,Lenovo TB328FU,b379008f-f450-4987-bba4-51517776290a,push,2,4,heart_disease,,,,,,idle,,,,wifi,full,100,22796,1784949723975,23133,,,,,140763136,
2026-07-25 03:22:11.387000+00:00,samsung SM-X200,5293ac2e-1915-4c3b-8f9d-5d7a5ccf62d1,push,1,4,pima_diabetes,30064771073,154,6,1,gradient,submitted,,3,3,wifi,full,100,900904,1784949728367,84271,793,148916,16680,7711,166457344,-1585
2026-07-25 03:22:12.025000+00:00,samsung SM-X200,8290562d-2ac2-4701-a08f-14f98f73dfa7,push,1,4,breast_cancer,30064771073,114,6,1,gradient,submitted,,3,3,wifi,full,100,900980,1784949729283,40859,1726,195867,47420,10071,166764544,
2026-07-25 03:22:13.722000+00:00,samsung SM-X200,b379008f-f450-4987-bba4-51517776290a,push,1,4,heart_disease,30064771073,59,6,1,gradient,submitted,,3,3,wifi,full,100,902044,1784949730964,101406,599,1191427,23635,8219,166764544,
2026-07-25 03:22:20.848000+00:00,Google Pixel 9 Pro,5293ac2e-1915-4c3b-8f9d-5d7a5ccf62d1,push,0,4,pima_diabetes,30064771073,153,6,1,gradient,submitted,,3,3,wifi,discharging,61,910432,1784949741207,73593,550,184581,16667,7756,228454400,10791
2026-07-25 03:22:21.492000+00:00,Google Pixel 9 Pro,8290562d-2ac2-4701-a08f-14f98f73dfa7,push,0,4,breast_cancer,30064771073,113,6,1,gradient,submitted,,3,3,wifi,discharging,61,908126,1784949742166,48741,1894,158083,47460,10071,228155392,
2026-07-25 03:22:22.154000+00:00,Google Pixel 9 Pro,b379008f-f450-4987-bba4-51517776290a,push,0,4,heart_disease,30064771073,59,6,1,gradient,submitted,,3,3,wifi,discharging,61,907934,1784949742833,95201,658,144918,23687,8197,228380672,
2026-07-25 03:36:11.231000+00:00,iPhone iPhone,5293ac2e-1915-4c3b-8f9d-5d7a5ccf62d1,push,3,4,pima_diabetes,30064771074,154,6,2,gradient,submitted,,3,3,wifi,full,100,900952,1784950570832,21587,265,148494,27866,7821,72187904,732
2026-07-25 03:36:11.991000+00:00,iPhone iPhone,8290562d-2ac2-4701-a08f-14f98f73dfa7,push,3,4,breast_cancer,30064771074,114,6,2,gradient,submitted,,3,3,wifi,full,100,901020,1784950571883,46812,774,252343,89594,10135,72220672,
2026-07-25 03:36:12.551000+00:00,iPhone iPhone,b379008f-f450-4987-bba4-51517776290a,push,3,4,heart_disease,30064771074,60,6,2,gradient,submitted,,3,3,wifi,full,100,901033,1784950572443,38647,364,168441,41890,8263,72318976,
2026-07-25 03:36:49.704000+00:00,Lenovo TB328FU,5293ac2e-1915-4c3b-8f9d-5d7a5ccf62d1,workmanager,2,4,pima_diabetes,30064771074,153,6,2,gradient,submitted,,3,3,wifi,full,100,879539,1784950602444,43636,1162,96341,27966,7755,154660864,
2026-07-25 03:36:50.291000+00:00,Lenovo TB328FU,8290562d-2ac2-4701-a08f-14f98f73dfa7,workmanager,2,4,breast_cancer,30064771074,114,6,2,gradient,submitted,,3,3,wifi,full,100,879723,1784950603295,50852,2514,134847,89671,10113,154882048,
2026-07-25 03:36:50.871000+00:00,Lenovo TB328FU,b379008f-f450-4987-bba4-51517776290a,workmanager,2,4,heart_disease,30064771074,59,6,2,gradient,submitted,,3,3,wifi,full,100,879902,1784950603877,82466,1217,121494,41952,8241,155766784,
2026-07-25 03:37:11.229000+00:00,Lenovo TB328FU,5293ac2e-1915-4c3b-8f9d-5d7a5ccf62d1,push,2,4,pima_diabetes,,,,,,idle,,,,wifi,full,100,21572,1784950624016,20761,,,,,149213184,-6512
2026-07-25 03:37:11.675000+00:00,Lenovo TB328FU,8290562d-2ac2-4701-a08f-14f98f73dfa7,push,2,4,breast_cancer,,,,,,idle,,,,wifi,full,100,21320,1784950624615,20827,,,,,148144128,
2026-07-25 03:37:12.064000+00:00,Lenovo TB328FU,b379008f-f450-4987-bba4-51517776290a,push,2,4,heart_disease,,,,,,idle,,,,wifi,full,100,21177,1784950625054,23163,,,,,148414464,
2026-07-25 03:37:12.261000+00:00,samsung SM-X200,5293ac2e-1915-4c3b-8f9d-5d7a5ccf62d1,push,1,4,pima_diabetes,30064771074,154,6,2,gradient,submitted,,3,3,wifi,full,100,900878,1784950629245,40304,854,168500,27955,7755,167649280,-1675
2026-07-25 03:37:12.808000+00:00,samsung SM-X200,8290562d-2ac2-4701-a08f-14f98f73dfa7,push,1,4,breast_cancer,30064771074,114,6,2,gradient,submitted,,3,3,wifi,full,100,900742,1784950630025,43403,2018,155392,89662,10113,167649280,
2026-07-25 03:37:13.417000+00:00,samsung SM-X200,b379008f-f450-4987-bba4-51517776290a,push,1,4,heart_disease,30064771074,59,6,2,gradient,submitted,,3,3,wifi,full,100,899662,1784950630626,90547,1174,152159,41910,8285,167940096,
2026-07-25 03:37:15.115000+00:00,Google Pixel 9 Pro,5293ac2e-1915-4c3b-8f9d-5d7a5ccf62d1,push,0,4,pima_diabetes,30064771074,153,6,2,gradient,submitted,,3,3,wifi,discharging,61,891533,1784950632740,47503,1718,155410,27900,7755,220565504,1375
2026-07-25 03:37:15.699000+00:00,Google Pixel 9 Pro,8290562d-2ac2-4701-a08f-14f98f73dfa7,push,0,4,breast_cancer,30064771074,113,6,2,gradient,submitted,,3,3,wifi,discharging,61,894246,1784950636412,56048,3091,142352,89645,10113,221155328,
2026-07-25 03:37:16.578000+00:00,Google Pixel 9 Pro,b379008f-f450-4987-bba4-51517776290a,push,0,4,heart_disease,30064771074,59,6,2,gradient,submitted,,3,3,wifi,discharging,61,894464,1784950637297,87643,789,148013,41911,8241,221499392,
2026-07-25 03:37:21.712000+00:00,Google Pixel 9 Pro,5293ac2e-1915-4c3b-8f9d-5d7a5ccf62d1,workmanager,0,4,pima_diabetes,34359738368,153,7,0,gradient,submitted,,3,3,wifi,discharging,61,9230,1784950641970,124388,722,197751,10999,8071,238469120,
2026-07-25 03:37:22.536000+00:00,Google Pixel 9 Pro,8290562d-2ac2-4701-a08f-14f98f73dfa7,workmanager,0,4,breast_cancer,34359738368,113,7,0,gradient,submitted,,3,3,wifi,discharging,61,6834,1784950643246,49632,1423,149277,26381,10452,241115136,
2026-07-25 03:37:23.155000+00:00,Google Pixel 9 Pro,b379008f-f450-4987-bba4-51517776290a,workmanager,0,4,heart_disease,34359738368,59,7,0,gradient,submitted,,3,3,wifi,discharging,61,6570,1784950643867,94209,585,145678,14500,8561,241291264,
2026-07-25 03:51:12.295000+00:00,iPhone iPhone,5293ac2e-1915-4c3b-8f9d-5d7a5ccf62d1,push,3,4,pima_diabetes,34359738368,154,7,0,gradient,submitted,,3,3,wifi,full,100,900832,1784951471664,40796,236,109339,10981,8093,72482816,599
2026-07-25 03:51:13.002000+00:00,iPhone iPhone,8290562d-2ac2-4701-a08f-14f98f73dfa7,push,3,4,breast_cancer,34359738368,114,7,0,gradient,submitted,,3,3,wifi,full,100,901017,1784951472900,38598,349,133835,26369,10452,72531968,
2026-07-25 03:51:13.494000+00:00,iPhone iPhone,b379008f-f450-4987-bba4-51517776290a,push,3,4,heart_disease,34359738368,60,7,0,gradient,submitted,,3,3,wifi,full,100,900948,1784951473391,39495,170,114398,14484,8583,72613888,
2026-07-25 03:51:52.349000+00:00,Lenovo TB328FU,5293ac2e-1915-4c3b-8f9d-5d7a5ccf62d1,workmanager,2,4,pima_diabetes,34359738368,153,7,0,gradient,submitted,,3,3,wifi,full,100,886861,1784951510877,40809,671,101315,11000,8093,142843904,
2026-07-25 03:51:53.208000+00:00,Lenovo TB328FU,8290562d-2ac2-4701-a08f-14f98f73dfa7,workmanager,2,4,breast_cancer,34359738368,114,7,0,gradient,submitted,,3,3,wifi,full,100,887409,1784951512024,45377,1476,99181,26429,10430,145731584,
2026-07-25 03:51:53.787000+00:00,Lenovo TB328FU,b379008f-f450-4987-bba4-51517776290a,workmanager,2,4,heart_disease,34359738368,59,7,0,gradient,submitted,,3,3,wifi,full,100,887542,1784951512596,86098,677,92922,14489,8583,146055168,
2026-07-25 03:52:12.082000+00:00,Lenovo TB328FU,5293ac2e-1915-4c3b-8f9d-5d7a5ccf62d1,push,2,4,pima_diabetes,,,,,,idle,,,,wifi,full,100,19720,1784951530597,21068,,,,,139366400,-704
2026-07-25 03:52:12.515000+00:00,Lenovo TB328FU,8290562d-2ac2-4701-a08f-14f98f73dfa7,push,2,4,breast_cancer,,,,,,idle,,,,wifi,full,100,19290,1784951531314,20316,,,,,139644928,
2026-07-25 03:52:12.904000+00:00,Lenovo TB328FU,b379008f-f450-4987-bba4-51517776290a,push,2,4,heart_disease,,,,,,idle,,,,wifi,full,100,19107,1784951531703,21584,,,,,140165120,
2026-07-25 03:52:13.175000+00:00,samsung SM-X200,5293ac2e-1915-4c3b-8f9d-5d7a5ccf62d1,push,1,4,pima_diabetes,34359738368,154,7,0,gradient,submitted,,3,3,wifi,full,100,900855,1784951530100,86206,547,195345,11030,8071,169807872,-1866
2026-07-25 03:52:13.722000+00:00,samsung SM-X200,8290562d-2ac2-4701-a08f-14f98f73dfa7,push,1,4,breast_cancer,34359738368,114,7,0,gradient,submitted,,3,3,wifi,full,100,900850,1784951530875,39876,1119,141233,26401,10452,169820160,
2026-07-25 03:52:14.349000+00:00,samsung SM-X200,b379008f-f450-4987-bba4-51517776290a,push,1,4,heart_disease,34359738368,59,7,0,gradient,submitted,,3,3,wifi,full,100,900875,1784951531501,115113,516,173593,14520,8561,169820160,
2026-07-25 03:52:16.279000+00:00,Google Pixel 9 Pro,5293ac2e-1915-4c3b-8f9d-5d7a5ccf62d1,push,0,4,pima_diabetes,,,,,,idle,,,,wifi,discharging,61,891399,1784951533369,23781,,,,,220282880,1407
2026-07-25 03:52:17.062000+00:00,Google Pixel 9 Pro,8290562d-2ac2-4701-a08f-14f98f73dfa7,push,0,4,breast_cancer,34359738369,113,7,1,gradient,submitted,,3,3,wifi,discharging,61,894531,1784951537777,47885,1457,147539,47449,10309,221044736,
2026-07-25 03:52:17.918000+00:00,Google Pixel 9 Pro,b379008f-f450-4987-bba4-51517776290a,push,0,4,heart_disease,34359738369,59,7,1,gradient,submitted,,3,3,wifi,discharging,61,894777,1784951538644,97432,1622,150585,23658,8438,221790208,
2026-07-25 03:52:25.482000+00:00,Google Pixel 9 Pro,5293ac2e-1915-4c3b-8f9d-5d7a5ccf62d1,workmanager,0,4,pima_diabetes,34359738369,153,7,1,gradient,submitted,,3,3,wifi,discharging,61,12267,1784951545636,66766,1381,250691,16649,7949,238088192,
2026-07-25 03:52:26.164000+00:00,Google Pixel 9 Pro,8290562d-2ac2-4701-a08f-14f98f73dfa7,workmanager,0,4,breast_cancer,,,,,,idle,,,,wifi,discharging,61,9105,1784951546882,25730,,,,,240422912,
2026-07-25 03:52:26.696000+00:00,Google Pixel 9 Pro,b379008f-f450-4987-bba4-51517776290a,workmanager,0,4,heart_disease,,,,,,idle,,,,wifi,discharging,61,8776,1784951547420,26928,,,,,240914432,
2026-07-25 04:06:12.871000+00:00,iPhone iPhone,5293ac2e-1915-4c3b-8f9d-5d7a5ccf62d1,push,3,4,pima_diabetes,34359738369,154,7,1,gradient,submitted,,3,3,wifi,full,100,900817,1784952372481,20820,268,129187,16631,7971,72744960,685
2026-07-25 04:06:13.433000+00:00,iPhone iPhone,8290562d-2ac2-4701-a08f-14f98f73dfa7,push,3,4,breast_cancer,34359738369,114,7,1,gradient,submitted,,3,3,wifi,full,100,900435,1784952373335,40725,539,177186,47442,10331,72777728,
2026-07-25 04:06:13.981000+00:00,iPhone iPhone,b379008f-f450-4987-bba4-51517776290a,push,3,4,heart_disease,34359738369,60,7,1,gradient,submitted,,3,3,wifi,full,100,900487,1784952373878,42540,231,132032,23631,8438,72859648,
2026-07-25 04:06:55.131000+00:00,Lenovo TB328FU,5293ac2e-1915-4c3b-8f9d-5d7a5ccf62d1,workmanager,2,4,pima_diabetes,34359738369,153,7,1,gradient,submitted,,3,3,wifi,full,100,883145,1784952413742,41399,796,99639,16656,7949,144732160,
2026-07-25 04:06:55.709000+00:00,Lenovo TB328FU,8290562d-2ac2-4701-a08f-14f98f73dfa7,workmanager,2,4,breast_cancer,34359738369,114,7,1,gradient,submitted,,3,3,wifi,full,100,883214,1784952414528,54805,1777,115652,47406,10331,147349504,
2026-07-25 04:06:56.275000+00:00,Lenovo TB328FU,b379008f-f450-4987-bba4-51517776290a,workmanager,2,4,heart_disease,34359738369,59,7,1,gradient,submitted,,3,3,wifi,full,100,883390,1784952415093,87401,881,101525,23664,8438,147693568,
2026-07-25 04:07:13.133000+00:00,Lenovo TB328FU,5293ac2e-1915-4c3b-8f9d-5d7a5ccf62d1,push,2,4,pima_diabetes,,,,,,idle,,,,wifi,full,100,17999,1784952431741,23168,,,,,141086720,-448
2026-07-25 04:07:13.520000+00:00,Lenovo TB328FU,8290562d-2ac2-4701-a08f-14f98f73dfa7,push,2,4,breast_cancer,,,,,,idle,,,,wifi,full,100,17801,1784952432329,21589,,,,,141160448,
2026-07-25 04:07:13.730000+00:00,samsung SM-X200,5293ac2e-1915-4c3b-8f9d-5d7a5ccf62d1,push,1,4,pima_diabetes,34359738369,154,7,1,gradient,submitted,,3,3,wifi,full,100,900502,1784952430602,57383,222,163655,16672,7949,170287104,-1996
2026-07-25 04:07:13.900000+00:00,Lenovo TB328FU,b379008f-f450-4987-bba4-51517776290a,push,2,4,heart_disease,,,,,,idle,,,,wifi,full,100,17613,1784952432706,23227,,,,,142254080,
2026-07-25 04:07:14.113000+00:00,Google Pixel 9 Pro,5293ac2e-1915-4c3b-8f9d-5d7a5ccf62d1,push,0,4,pima_diabetes,,,,,,idle,,,,wifi,discharging,60,888887,1784952434523,21640,,,,,223719424,1698
2026-07-25 04:07:14.252000+00:00,samsung SM-X200,8290562d-2ac2-4701-a08f-14f98f73dfa7,push,1,4,breast_cancer,34359738369,114,7,1,gradient,submitted,,3,3,wifi,full,100,900470,1784952431345,39668,627,118357,47430,10309,167329792,
2026-07-25 04:07:14.809000+00:00,samsung SM-X200,b379008f-f450-4987-bba4-51517776290a,push,1,4,heart_disease,34359738369,59,7,1,gradient,submitted,,3,3,wifi,full,100,900410,1784952431911,84605,262,125352,23684,8438,167329792,
2026-07-25 04:07:14.923000+00:00,Google Pixel 9 Pro,8290562d-2ac2-4701-a08f-14f98f73dfa7,push,0,4,breast_cancer,34359738370,113,7,2,gradient,submitted,,3,3,wifi,discharging,60,888785,1784952435667,47748,3497,133274,89612,10352,224313344,
2026-07-25 04:07:15.789000+00:00,Google Pixel 9 Pro,b379008f-f450-4987-bba4-51517776290a,push,0,4,heart_disease,34359738370,59,7,2,gradient,submitted,,3,3,wifi,discharging,60,889117,1784952436537,95727,978,155665,41883,8479,224854016,
2026-07-25 04:07:28.858000+00:00,Google Pixel 9 Pro,5293ac2e-1915-4c3b-8f9d-5d7a5ccf62d1,workmanager,0,4,pima_diabetes,34359738370,153,7,2,gradient,submitted,,3,3,wifi,discharging,60,14708,1784952449231,70488,1672,233399,27943,8039,241553408,
2026-07-25 04:07:29.930000+00:00,Google Pixel 9 Pro,8290562d-2ac2-4701-a08f-14f98f73dfa7,workmanager,0,4,breast_cancer,,,,,,idle,,,,wifi,discharging,60,15002,1784952450669,28141,,,,,243908608,
2026-07-25 04:07:30.755000+00:00,Google Pixel 9 Pro,b379008f-f450-4987-bba4-51517776290a,workmanager,0,4,heart_disease,,,,,,idle,,,,wifi,discharging,60,14978,1784952451515,26693,,,,,244203520,
2026-07-25 04:21:13.626000+00:00,iPhone iPhone,5293ac2e-1915-4c3b-8f9d-5d7a5ccf62d1,push,3,4,pima_diabetes,34359738370,154,7,2,gradient,submitted,,3,3,wifi,full,100,900687,1784953273168,19221,436,148669,27898,7994,61865984,506
2026-07-25 04:21:14.348000+00:00,iPhone iPhone,8290562d-2ac2-4701-a08f-14f98f73dfa7,push,3,4,breast_cancer,34359738370,114,7,2,gradient,submitted,,3,3,wifi,full,100,900907,1784953274242,42243,922,250128,89639,10352,63258624,
2026-07-25 04:21:15.080000+00:00,iPhone iPhone,b379008f-f450-4987-bba4-51517776290a,push,3,4,heart_disease,34359738370,60,7,2,gradient,submitted,,3,3,wifi,full,100,901096,1784953274974,40317,413,171113,41863,8545,63700992,
2026-07-25 04:21:57.821000+00:00,Lenovo TB328FU,5293ac2e-1915-4c3b-8f9d-5d7a5ccf62d1,workmanager,2,4,pima_diabetes,34359738370,153,7,2,gradient,submitted,,3,3,wifi,full,100,884605,1784953316346,41250,1499,121630,27915,8016,151420928,
2026-07-25 04:21:58.401000+00:00,Lenovo TB328FU,8290562d-2ac2-4701-a08f-14f98f73dfa7,workmanager,2,4,breast_cancer,34359738370,114,7,2,gradient,submitted,,3,3,wifi,full,100,884889,1784953317218,41934,2596,122169,89608,10374,154361856,
2026-07-25 04:21:59.002000+00:00,Lenovo TB328FU,b379008f-f450-4987-bba4-51517776290a,workmanager,2,4,heart_disease,34359738370,59,7,2,gradient,submitted,,3,3,wifi,full,100,885123,1784953317829,83926,1377,115754,41921,8479,154636288,
2026-07-25 04:22:13.414000+00:00,Lenovo TB328FU,5293ac2e-1915-4c3b-8f9d-5d7a5ccf62d1,push,2,4,pima_diabetes,,,,,,idle,,,,wifi,full,100,15641,1784953331987,22823,,,,,148054016,-878
2026-07-25 04:22:13.855000+00:00,Lenovo TB328FU,8290562d-2ac2-4701-a08f-14f98f73dfa7,push,2,4,breast_cancer,,,,,,idle,,,,wifi,full,100,15439,1784953332657,20757,,,,,147800064,
2026-07-25 04:22:14.242000+00:00,Lenovo TB328FU,b379008f-f450-4987-bba4-51517776290a,push,2,4,heart_disease,,,,,,idle,,,,wifi,full,100,15211,1784953333040,21731,,,,,147959808,
2026-07-25 04:22:14.381000+00:00,samsung SM-X200,5293ac2e-1915-4c3b-8f9d-5d7a5ccf62d1,push,1,4,pima_diabetes,34359738370,154,7,2,gradient,submitted,,3,3,wifi,full,100,900596,1784953331198,39301,828,180159,27938,8016,170553344,-2016
2026-07-25 04:22:14.928000+00:00,samsung SM-X200,8290562d-2ac2-4701-a08f-14f98f73dfa7,push,1,4,breast_cancer,34359738370,114,7,2,gradient,submitted,,3,3,wifi,full,100,900622,1784953331967,53871,2671,136674,89669,10352,168820736,
2026-07-25 04:22:15.523000+00:00,samsung SM-X200,b379008f-f450-4987-bba4-51517776290a,push,1,4,heart_disease,34359738370,59,7,2,gradient,submitted,,3,3,wifi,full,100,900631,1784953332542,98479,1162,139486,41952,8479,169451520,
2026-07-25 04:22:17.346000+00:00,Google Pixel 9 Pro,5293ac2e-1915-4c3b-8f9d-5d7a5ccf62d1,push,0,4,pima_diabetes,,,,,,idle,,,,wifi,discharging,60,886040,1784953335271,39102,,,,,222842880,1707
