split_id,tree,depth,node_id,feature_idx,binned_gain,exact_gain,retention,n_samples_in_node
0,0,0,0,0,8221.06730376,8221.06730376,1.00000000,56554
0,0,1,1,13,2443.96646056,2443.96646056,1.00000000,24677
0,0,1,2,13,1852.88934232,1852.88934232,1.00000000,31877
0,0,2,3,18,261.63994384,261.63994384,1.00000000,13801
0,0,2,4,18,482.14728077,482.14728077,1.00000000,10876
0,0,2,5,3,301.08032275,301.08032275,1.00000000,8546
0,0,2,6,3,416.90454266,430.65361202,0.96807395,23331
0,1,1,1,13,1805.25931542,1805.25932408,1.00000000,24677
0,1,1,2,13,1350.61618399,1350.61564844,1.00000000,31877
0,1,2,3,18,211.99963725,211.99962369,1.00000000,13801
0,1,2,4,18,402.12136529,402.12128626,1.00000000,10876
0,1,2,5,3,232.20257493,232.20254361,1.00000000,8546
0,1,2,6,3,337.67560020,349.84612347,0.96521178,23331
0,2,1,1,13,1378.73891587,1378.73917021,0.99999982,24677
0,2,1,2,13,997.54526385,997.54557229,0.99999969,31877
0,2,2,3,3,196.84745981,196.84745341,1.00000000,13801
0,2,2,4,3,370.19953188,379.93483676,0.97437638,10876
0,2,2,5,18,219.90394778,219.90394885,1.00000000,8546
0,2,2,6,1,332.29989448,332.29990366,0.99999997,23331
0,3,1,1,13,1072.73118608,1072.73102612,1.00000000,24677
0,3,1,2,13,781.16265025,781.16257386,1.00000000,31877
0,3,2,3,18,193.42429801,193.42423184,1.00000000,13801
0,3,2,4,13,354.93906177,354.93906032,1.00000000,10876
0,3,2,5,3,442.03260750,442.03259490,1.00000000,20229
0,3,2,6,3,109.76416411,112.47977683,0.97585688,11648
0,4,1,1,0,710.07823124,710.07823051,1.00000000,22347
0,4,1,2,1,882.59803234,882.59795203,1.00000000,34207
0,4,2,3,13,185.08490191,185.08490724,0.99999997,13801
0,4,2,4,1,206.28605784,206.28606323,0.99999997,8546
0,4,2,5,18,539.31392872,539.31397086,0.99999992,13197
0,4,2,6,3,262.09684787,286.08280960,0.91615728,21010
0,5,1,1,3,645.65561902,655.36263002,0.98518834,24677
0,5,1,2,13,532.33578850,532.33582930,0.99999992,31877
0,5,2,3,1,260.88939322,260.88939723,0.99999998,15400
0,5,2,4,18,321.70150540,321.70153443,0.99999991,9277
0,5,2,5,3,316.22664133,316.22670111,0.99999981,20229
0,5,2,6,3,79.23298670,86.04221035,0.92086182,11648
0,6,1,1,18,583.61998145,583.62010166,0.99999979,22347
0,6,1,2,18,578.04679356,578.04678315,1.00000000,34207
0,6,2,3,1,180.07989007,180.07991366,0.99999987,11151
0,6,2,4,3,268.08903802,268.08900954,1.00000000,11196
0,6,2,5,13,116.43138115,116.43138594,0.99999996,3840
0,6,2,6,3,396.11757165,422.87152309,0.93673267,30367
0,7,1,1,18,632.19349023,632.19342771,1.00000000,26602
0,7,1,2,3,432.46088245,432.46086892,1.00000000,29952
0,7,2,3,3,305.00904195,305.00904753,0.99999998,14308
0,7,2,4,3,247.99459971,252.83567383,0.98085288,12294
0,7,2,5,13,252.54907510,252.54905196,1.00000000,20210
0,7,2,6,16,58.44940581,58.44940217,1.00000000,9742
0,8,1,1,18,785.25837508,785.25833128,1.00000000,41145
0,8,1,2,3,120.46971437,132.10464062,0.91192644,15409
0,8,2,3,3,326.19542853,326.19540995,1.00000000,18742
0,8,2,4,3,326.64981713,335.49807779,0.97362649,22403
0,8,2,5,19,12.58075616,12.58075597,1.00000000,1164
0,8,2,6,18,67.78366440,67.78366356,1.00000000,14245
0,9,1,1,13,369.73036712,369.73035039,1.00000000,24677
0,9,1,2,16,283.38660129,283.38661288,0.99999996,31877
0,9,2,3,18,25.56910790,25.56910146,1.00000000,4897
0,9,2,4,13,242.04065783,242.04066947,0.99999995,19780
0,9,2,5,1,159.70144639,159.70147921,0.99999979,20876
0,9,2,6,1,49.59712690,49.59714370,0.99999966,11001
0,10,1,1,18,368.94145947,368.94143603,1.00000000,26602
0,10,1,2,3,266.30693174,267.67028419,0.99490660,29952
0,10,2,3,3,77.79167707,77.79168021,0.99999996,8488
0,10,2,4,3,265.40354989,265.40356399,0.99999995,18114
0,10,2,5,20,166.06246858,166.06245153,1.00000000,18612
0,10,2,6,18,48.89549994,48.89550518,0.99999989,11340
0,11,1,1,18,283.91125549,283.91121338,1.00000000,22347
0,11,1,2,18,241.82478908,241.82477132,1.00000000,34207
0,11,2,3,3,133.89907152,135.65403296,0.98706296,14037
0,11,2,4,17,93.21818544,93.21818531,1.00000000,8310
0,11,2,5,13,38.09653350,38.09653700,0.99999991,2394
0,11,2,6,10,196.78914026,196.78913534,1.00000000,31813
0,12,1,1,16,87.94823889,87.94823207,1.00000000,6545
0,12,1,2,18,366.67557069,366.67560380,0.99999991,50009
0,12,2,3,6,38.19905463,38.19904967,1.00000000,6299
0,12,2,4,6,10.13233974,10.13233953,1.00000000,246
0,12,2,5,13,106.77190640,106.77192344,0.99999984,9986
0,12,2,6,3,267.90916719,301.23817602,0.88935994,40023
0,13,1,1,3,380.35694440,405.50471438,0.93798403,48126
0,13,1,2,16,31.84498250,31.84498961,0.99999978,8428
0,13,2,3,13,178.31218183,178.31217549,1.00000000,24374
0,13,2,4,1,152.56154131,152.56154330,0.99999999,23752
0,13,2,5,3,24.87834049,24.87834112,0.99999997,4272
0,13,2,6,13,10.67620313,10.67620128,1.00000000,4156
0,14,1,1,13,264.21970007,264.21964679,1.00000000,42170
0,14,1,2,6,56.67821237,56.67820295,1.00000000,14384
0,14,2,3,18,37.75965601,37.75963930,1.00000000,6299
0,14,2,4,18,217.80823361,217.80823876,0.99999998,35871
0,14,2,5,3,61.72750159,61.72750074,1.00000000,10228
0,14,2,6,10,8.44957236,8.44957160,1.00000000,4156
1,0,0,0,0,8259.54843667,8259.54843667,1.00000000,56554
1,0,1,1,13,2390.42745467,2390.42745467,1.00000000,24718
1,0,1,2,13,1825.20211765,1825.20211765,1.00000000,31836
1,0,2,3,18,260.94601873,260.94601873,1.00000000,13832
1,0,2,4,18,502.07605030,502.07605030,1.00000000,10886
1,0,2,5,3,346.61358809,346.61358809,1.00000000,8540
1,0,2,6,3,430.19902722,441.37258974,0.97468451,23296
1,1,1,1,13,1765.72310112,1765.72262046,1.00000000,24718
1,1,1,2,13,1330.53268352,1330.53264302,1.00000000,31836
1,1,2,3,18,212.40667045,212.40663489,1.00000000,13832
1,1,2,4,18,392.98162368,392.98167559,0.99999987,10886
1,1,2,5,3,264.02593876,267.39367908,0.98740531,8540
1,1,2,6,3,339.80200783,341.85866784,0.99398389,23296
1,2,1,1,13,1348.20950706,1348.20905230,1.00000000,24718
1,2,1,2,13,982.82573114,982.82565027,1.00000000,31836
1,2,2,3,3,214.17972114,214.17971064,1.00000000,13832
1,2,2,4,3,371.58763427,375.31462577,0.99006969,10886
1,2,2,5,3,222.50552891,222.50549632,1.00000000,8540
1,2,2,6,1,341.36531717,341.36533508,0.99999995,23296
1,3,1,1,13,1049.02232301,1049.02246649,0.99999986,24718
1,3,1,2,13,784.05118897,784.05113932,1.00000000,31836
1,3,2,3,13,197.49354756,197.49356893,0.99999989,13832
1,3,2,4,13,359.31206061,359.31203900,1.00000000,10886
1,3,2,5,3,418.78261247,418.78260715,1.00000000,20239
1,3,2,6,3,108.54470817,116.56388416,0.93120360,11597
1,4,1,1,18,776.99081763,776.99058359,1.00000000,22372
1,4,1,2,1,913.90868990,913.90865235,1.00000000,34182
1,4,2,3,1,202.22286616,202.22281131,1.00000000,11207
1,4,2,4,3,360.86903987,360.86902236,1.00000000,11165
1,4,2,5,18,558.79474236,558.79471025,1.00000000,13194
1,4,2,6,3,273.07477722,282.23638514,0.96753924,20988
1,5,1,1,13,653.19491090,653.19494431,0.99999995,24718
1,5,1,2,13,507.62856100,507.62855713,1.00000000,31836
1,5,2,3,3,396.03612906,397.49220721,0.99633684,20971
1,5,2,4,3,116.36229424,116.36230085,0.99999994,3747
1,5,2,5,1,308.83447864,308.83454131,0.99999980,20239
1,5,2,6,3,82.05008968,90.29259523,0.90871338,11597
1,6,1,1,18,801.01544265,801.01542153,1.00000000,26682
1,6,1,2,16,476.69305187,476.69307177,0.99999996,29872
1,6,2,3,3,345.09559980,345.09563388,0.99999990,14407
1,6,2,4,3,361.51534501,372.42166320,0.97071513,12275
1,6,2,5,3,287.61647298,291.25619543,0.98750336,20256
1,6,2,6,3,64.56139273,64.65672018,0.99852564,9616
1,7,1,1,18,505.52372903,505.52375826,0.99999994,22372
1,7,1,2,18,536.03817822,536.03820058,0.99999996,34182
1,7,2,3,3,193.67315334,193.67312041,1.00000000,14068
1,7,2,4,13,163.89014470,163.89014167,1.00000000,8304
1,7,2,5,13,57.46567732,57.46568957,0.99999979,2383
1,7,2,6,3,360.76605411,374.17156584,0.96417282,31799
1,8,1,1,13,411.61625839,411.61634082,0.99999980,24718
1,8,1,2,16,306.70148006,306.70150716,0.99999991,31836
1,8,2,3,16,27.10811406,27.10811892,0.99999982,4984
1,8,2,4,18,307.55805979,307.55805925,1.00000000,19734
1,8,2,5,18,192.88520902,192.88520810,1.00000000,20853
1,8,2,6,6,63.70459402,63.70459240,1.00000000,10983
1,9,1,1,18,443.96848883,443.96846636,1.00000000,26682
1,9,1,2,3,297.49853209,309.75557762,0.96042994,29872
1,9,2,3,3,152.92379148,154.74595701,0.98822479,11352
1,9,2,4,3,302.75097122,317.44532598,0.95371060,15330
1,9,2,5,13,191.01547895,191.01551435,0.99999981,20184
1,9,2,6,18,40.37360263,40.37359786,1.00000000,9688
1,10,1,1,18,323.85078727,323.85069933,1.00000000,22372
1,10,1,2,3,276.78908405,297.35428412,0.93083940,34182
1,10,2,3,3,31.28597425,31.58571335,0.99051029,6329
1,10,2,4,13,218.74075698,218.74073083,1.00000000,16043
1,10,2,5,6,71.16762654,71.16762169,1.00000000,6879
1,10,2,6,18,219.49179884,219.49180575,0.99999997,27303
1,11,1,1,18,506.77469468,506.77470808,0.99999997,41210
1,11,1,2,3,111.72514393,120.11673405,0.93013804,15344
1,11,2,3,3,212.99569195,227.72499027,0.93531980,18823
1,11,2,4,3,241.07234649,259.48406444,0.92904490,22387
1,11,2,5,19,9.98239080,9.98239036,1.00000000,1210
1,11,2,6,10,54.82764228,54.82764297,0.99999999,14134
1,12,1,1,6,294.49407143,294.49405387,1.00000000,26682
1,12,1,2,3,181.91040265,186.26906187,0.97660020,29872
1,12,2,3,3,219.48259248,223.99115977,0.97987167,24507
1,12,2,4,3,20.88617664,21.89836167,0.95377805,2175
1,12,2,5,20,134.48777680,134.48777827,0.99999999,20184
1,12,2,6,10,35.67421978,35.67421969,1.00000000,9688
1,13,1,1,16,82.54740911,82.54741285,0.99999995,6611
1,13,1,2,18,354.12682151,354.12680957,1.00000000,49943
1,13,2,3,17,46.16855905,46.16856251,0.99999992,6359
1,13,2,4,18,11.49383666,11.49383712,0.99999996,252
1,13,2,5,3,85.90760276,85.96091775,0.99937978,6781
1,13,2,6,10,262.62323128,262.62323560,0.99999998,43162
1,14,1,1,13,193.02167124,193.02166287,1.00000000,24718
1,14,1,2,10,143.00477293,143.00477340,1.00000000,31836
1,14,2,3,18,29.75531434,29.75531154,1.00000000,4984
1,14,2,4,6,143.37758456,143.37758888,0.99999997,19734
1,14,2,5,20,111.33084468,111.33085263,0.99999993,30625
1,14,2,6,3,17.18953290,17.18953258,1.00000000,1211
2,0,0,0,0,8307.98944079,8307.98944079,1.00000000,56554
2,0,1,1,13,2395.48069605,2395.48069605,1.00000000,24772
2,0,1,2,13,1754.12309925,1754.12309925,1.00000000,31782
2,0,2,3,18,252.02372459,252.02372459,1.00000000,13844
2,0,2,4,18,479.87390916,479.87390916,1.00000000,10928
2,0,2,5,3,329.55922184,329.55922184,1.00000000,8496
2,0,2,6,3,443.54514314,444.80528513,0.99716698,23286
2,1,1,1,13,1769.83828390,1769.83833291,0.99999997,24772
2,1,1,2,13,1278.84905709,1278.84883326,1.00000000,31782
2,1,2,3,3,206.02231669,206.02234148,0.99999988,13844
2,1,2,4,18,399.81364303,399.81358748,1.00000000,10928
2,1,2,5,3,255.21130474,256.76981622,0.99393032,8496
2,1,2,6,3,350.66960217,350.66945532,1.00000000,23286
2,2,1,1,13,1349.74872105,1349.74911848,0.99999971,24772
2,2,1,2,13,944.99068416,944.99087120,0.99999980,31782
2,2,2,3,18,214.99460009,214.99468213,0.99999962,13844
2,2,2,4,3,356.03446433,356.03446717,0.99999999,10928
2,2,2,5,18,231.09887851,231.09887172,1.00000000,8496
2,2,2,6,1,331.27312155,331.27311802,1.00000000,23286
2,3,1,1,13,1051.45988427,1051.45983138,1.00000000,24772
2,3,1,2,13,795.65320263,795.65326048,0.99999993,31782
2,3,2,3,18,194.19516512,194.19519029,0.99999987,13844
2,3,2,4,13,338.69291194,338.69290048,1.00000000,10928
2,3,2,5,3,433.20568778,436.47310498,0.99251405,20155
2,3,2,6,3,99.54022838,100.01943545,0.99520886,11627
2,4,1,1,13,828.48541498,828.48542865,0.99999998,24772
2,4,1,2,13,608.10834944,608.10835174,1.00000000,31782
2,4,2,3,13,198.39977030,198.39975417,1.00000000,13844
2,4,2,4,1,321.18898687,321.18898089,1.00000000,10928
2,4,2,5,1,376.05963671,376.05959881,1.00000000,20155
2,4,2,6,3,82.55800349,91.31677941,0.90408361,11627
2,5,1,1,18,628.25458669,628.25460088,0.99999998,22340
2,5,1,2,18,710.68686318,710.68681312,1.00000000,34214
2,5,2,3,3,203.89352422,203.89354030,0.99999992,11180
2,5,2,4,3,346.65058790,346.65064983,0.99999982,11160
2,5,2,5,1,166.68918798,166.68919458,0.99999996,3832
2,5,2,6,3,534.65143732,547.13774369,0.97717886,30382
2,6,1,1,18,773.92562194,773.92559366,1.00000000,26694
2,6,1,2,3,536.51539732,536.51530702,1.00000000,29860
2,6,2,3,3,306.01744912,306.01743798,1.00000000,14412
2,6,2,4,3,333.31026551,335.74950607,0.99273494,12282
2,6,2,5,13,294.83780575,294.83785734,0.99999983,18461
2,6,2,6,16,82.35432138,82.35431230,1.00000000,11399
2,7,1,1,13,490.56579972,490.56576525,1.00000000,24772
2,7,1,2,16,352.39092318,352.39100344,0.99999977,31782
2,7,2,3,3,296.32076976,313.02635475,0.94663202,21030
2,7,2,4,3,84.81879686,84.81881591,0.99999978,3742
2,7,2,5,13,213.90643378,213.90644918,0.99999993,20785
2,7,2,6,3,66.03699722,69.92308946,0.94442333,10997
2,8,1,1,18,572.29846881,572.29839742,1.00000000,26694
2,8,1,2,3,347.83469616,366.46902311,0.94915170,29860
2,8,2,3,13,152.16479840,152.16477288,1.00000000,11329
2,8,2,4,3,299.82525037,299.82527709,0.99999991,15365
2,8,2,5,13,179.20347652,179.20351346,0.99999979,14838
2,8,2,6,13,86.41132700,86.41133237,0.99999994,15022
2,9,1,1,13,224.39924949,224.39925745,0.99999996,12288
2,9,1,2,3,601.52872311,625.38031786,0.96186066,44266
2,9,2,3,3,113.66924822,113.66924124,1.00000000,10033
2,9,2,4,1,34.75977506,34.75978383,0.99999975,2255
2,9,2,5,13,201.15512490,201.15511248,1.00000000,14527
2,9,2,6,13,232.52872002,232.52873729,0.99999993,29739
2,10,1,1,18,312.91745225,312.91744870,1.00000000,22340
2,10,1,2,18,283.54925284,283.54928676,0.99999988,34214
2,10,2,3,1,170.17368118,170.17370815,0.99999984,14074
2,10,2,4,3,100.31061729,109.61486724,0.91511872,8266
2,10,2,5,13,173.06761412,173.06762928,0.99999991,13493
2,10,2,6,3,142.31254059,164.81519573,0.86346735,20721
2,11,1,1,13,301.23734697,301.23733554,1.00000000,24772
2,11,1,2,10,201.67957191,201.67957213,1.00000000,31782
2,11,2,3,18,23.08172271,23.08173259,0.99999957,4935
2,11,2,4,6,180.25240696,180.25240323,1.00000000,19837
2,11,2,5,16,169.66850370,169.66847794,1.00000000,30616
2,11,2,6,3,23.41991270,23.41991438,0.99999993,1166
2,12,1,1,18,266.82461459,266.82460850,1.00000000,26694
2,12,1,2,3,225.30641484,225.30642435,0.99999996,29860
2,12,2,3,3,67.05698371,67.05697845,1.00000000,8562
2,12,2,4,3,187.47934428,187.47935680,0.99999993,18132
2,12,2,5,20,126.54024938,126.54024519,1.00000000,20122
2,12,2,6,18,31.18275303,31.18275050,1.00000000,9738
2,13,1,1,16,75.15336907,75.15336519,1.00000000,6579
2,13,1,2,18,333.39319737,333.39320745,0.99999997,49975
2,13,2,3,18,43.25001363,43.25000498,1.00000000,6331
2,13,2,4,6,7.28577722,7.28577691,1.00000000,248
2,13,2,5,3,41.77547970,45.00779945,0.92818312,4533
2,13,2,6,3,264.60634052,292.84591986,0.90356847,45442
2,14,1,1,3,314.44587462,331.03079318,0.94989917,48131
2,14,1,2,16,25.91372819,25.91372404,1.00000000,8423
2,14,2,3,18,219.04558870,219.04560204,0.99999994,32663
2,14,2,4,18,96.06218429,103.79310393,0.92551606,15468
2,14,2,5,3,15.57744817,15.57744833,0.99999999,4272
2,14,2,6,13,12.12935730,12.12935915,0.99999985,4151
3,0,0,0,0,8373.80175820,8373.80175820,1.00000000,56554
3,0,1,1,13,2367.15499662,2367.15499662,1.00000000,24659
3,0,1,2,13,1811.37858688,1811.37858688,1.00000000,31895
3,0,2,3,18,256.24522386,256.24522386,1.00000000,13815
3,0,2,4,18,442.48730804,442.48730804,1.00000000,10844
3,0,2,5,3,317.80365325,317.80365325,1.00000000,8496
3,0,2,6,3,453.44316679,472.13653530,0.96040686,23399
3,1,1,1,13,1749.28643585,1749.28639200,1.00000000,24659
3,1,1,2,13,1320.60786956,1320.60765710,1.00000000,31895
3,1,2,3,3,209.80879800,209.80880351,0.99999997,13815
3,1,2,4,1,370.56411310,370.56413795,0.99999993,10844
3,1,2,5,3,246.42950004,249.94739365,0.98592546,8496
3,1,2,6,3,364.99122564,366.45528202,0.99600482,23399
3,2,1,1,13,1336.12418367,1336.12438977,0.99999985,24659
3,2,1,2,13,975.28902317,975.28900919,1.00000000,31895
3,2,2,3,18,211.08139425,211.08138197,1.00000000,13815
3,2,2,4,18,344.67797166,344.67795317,1.00000000,10844
3,2,2,5,3,214.92678526,214.92678928,0.99999998,8496
3,2,2,6,13,343.02921153,343.02923840,0.99999992,23399
3,3,1,1,13,1040.89861006,1040.89891389,0.99999971,24659
3,3,1,2,13,725.11093495,725.11096750,0.99999996,31895
3,3,2,3,18,198.18796416,198.18796834,0.99999998,13815
3,3,2,4,3,348.84724757,365.38638722,0.95473521,10844
3,3,2,5,18,214.99108527,214.99108790,0.99999999,8496
3,3,2,6,1,336.20837039,336.20836557,1.00000000,23399
3,4,1,1,13,860.52956641,860.52956425,1.00000000,24659
3,4,1,2,13,635.68626752,635.68618176,1.00000000,31895
3,4,2,3,18,405.00730957,405.00738446,0.99999982,20924
3,4,2,4,3,169.62824943,169.62824827,1.00000000,3735
3,4,2,5,3,402.26168820,403.24557222,0.99756009,20234
3,4,2,6,3,118.86606264,118.86607076,0.99999993,11661
3,5,1,1,18,872.89479371,872.89479645,1.00000000,26773
3,5,1,2,3,615.94846130,646.31115918,0.95302155,29781
3,5,2,3,3,362.81632589,362.81635780,0.99999991,14340
3,5,2,4,3,465.86667706,477.89779736,0.97482491,12433
3,5,2,5,13,292.51100511,292.51102605,0.99999993,14818
3,5,2,6,16,154.68154284,154.68153165,1.00000000,14963
3,6,1,1,0,523.38444174,523.38450819,0.99999987,22311
3,6,1,2,18,571.75567267,571.75569727,0.99999996,34243
3,6,2,3,13,188.35050851,188.35055296,0.99999976,13815
3,6,2,4,1,158.13457910,158.13461664,0.99999976,8496
3,6,2,5,1,126.08241113,126.08242807,0.99999987,3827
3,6,2,6,3,438.21428863,451.95318456,0.96960106,30416
3,7,1,1,18,462.05863649,462.05859753,1.00000000,22311
3,7,1,2,1,445.47081447,445.47077847,1.00000000,34243
3,7,2,3,3,38.38601781,38.38603475,0.99999956,6336
3,7,2,4,3,362.37746829,366.80273670,0.98793556,15975
3,7,2,5,18,300.14438763,300.14439417,0.99999998,13293
3,7,2,6,3,186.09421386,186.09413929,1.00000000,20950
3,8,1,1,18,738.59625656,738.59628131,0.99999997,41158
3,8,1,2,3,152.04782732,170.18467633,0.89342842,15396
3,8,2,3,3,315.36891309,315.36888000,1.00000000,18716
3,8,2,4,3,384.45041097,395.55078831,0.97193691,22442
3,8,2,5,6,16.91011004,16.91011031,0.99999998,1194
3,8,2,6,3,58.56870082,58.56871992,0.99999967,14202
3,9,1,1,13,387.70223529,387.70221420,1.00000000,24659
3,9,1,2,16,276.03923187,276.03924192,0.99999996,31895
3,9,2,3,16,20.34081150,20.34081193,0.99999998,4953
3,9,2,4,3,223.65315600,239.69758742,0.93306386,19706
3,9,2,5,1,170.35678590,170.35679918,0.99999992,20946
3,9,2,6,3,53.69850798,53.69851772,0.99999982,10949
3,10,1,1,18,398.67476402,398.67479525,0.99999992,26773
3,10,1,2,16,235.71096129,235.71093783,1.00000000,29781
3,10,2,3,13,129.07624529,129.07626560,0.99999984,11298
3,10,2,4,3,244.14070299,257.07982497,0.94966885,15475
3,10,2,5,13,138.56724860,138.56723481,1.00000000,20301
3,10,2,6,3,39.23405114,42.44285969,0.92439698,9480
3,11,1,1,18,455.91649011,455.91653141,0.99999991,41158
3,11,1,2,3,96.03216755,113.17188749,0.84855144,15396
3,11,2,3,3,84.19336895,89.57005612,0.93997227,10000
3,11,2,4,3,322.95730385,348.40125988,0.92696939,31158
3,11,2,5,6,10.86538741,10.86538785,0.99999996,1194
3,11,2,6,10,48.89755445,48.89755671,0.99999995,14202
3,12,1,1,16,75.04458715,75.04457758,1.00000000,6585
3,12,1,2,18,385.39691129,385.39687417,1.00000000,49969
3,12,2,3,1,46.11768795,46.11767650,1.00000000,6326
3,12,2,4,6,8.95081944,8.95081968,0.99999997,259
3,12,2,5,13,36.63769135,36.63769405,0.99999993,4475
3,12,2,6,3,298.06141703,313.27043023,0.95145085,45494
3,13,1,1,18,274.48432629,274.48434544,0.99999993,26773
3,13,1,2,20,167.62427202,167.62428369,0.99999993,29781
3,13,2,3,3,167.17708301,179.33383064,0.93221163,17662
3,13,2,4,17,111.00840357,111.00840504,0.99999999,9111
3,13,2,5,3,48.40840763,67.52102390,0.71693829,13233
3,13,2,6,3,99.45013813,108.53926231,0.91625957,16548
3,14,1,1,6,62.49876263,62.49876630,0.99999994,6585
3,14,1,2,6,274.44985202,274.44985704,0.99999998,49969
3,14,2,3,18,40.37434499,40.37435343,0.99999979,6362
3,14,2,4,3,9.45641796,12.82701888,0.73722648,223
3,14,2,5,10,209.92074028,209.92074157,0.99999999,41817
3,14,2,6,16,26.61367386,26.61367786,0.99999985,8152
4,0,0,0,0,8363.10099116,8363.10099116,1.00000000,56554
4,0,1,1,13,2465.88974200,2465.88974200,1.00000000,24780
4,0,1,2,13,1767.38750769,1767.38750769,1.00000000,31774
4,0,2,3,18,264.88186952,264.88186952,1.00000000,13832
4,0,2,4,18,488.36586480,488.36586480,1.00000000,10948
4,0,2,5,3,336.83166328,336.83166328,1.00000000,8468
4,0,2,6,3,411.05156449,413.22421474,0.99474220,23306
4,1,1,1,13,1822.05400564,1822.05419959,0.99999989,24780
4,1,1,2,13,1288.51862008,1288.51888770,0.99999979,31774
4,1,2,3,18,208.33989937,208.33983126,1.00000000,13832
4,1,2,4,18,400.59277880,400.59279676,0.99999996,10948
4,1,2,5,3,252.88294398,252.88292488,1.00000000,8468
4,1,2,6,1,365.88900584,365.88904053,0.99999991,23306
4,2,1,1,13,1392.13319691,1392.13261362,1.00000000,24780
4,2,1,2,13,950.96107708,950.96109143,0.99999998,31774
4,2,2,3,3,214.30732622,214.30731549,1.00000000,13832
4,2,2,4,3,367.68567332,368.26643619,0.99842298,10948
4,2,2,5,1,224.21291294,224.21290759,1.00000000,8468
4,2,2,6,3,332.94400138,337.72409715,0.98584615,23306
4,3,1,1,13,1084.24253113,1084.24267558,0.99999987,24780
4,3,1,2,13,791.56726248,791.56735794,0.99999988,31774
4,3,2,3,18,200.49966158,200.49965880,1.00000000,13832
4,3,2,4,1,346.58107369,346.58106640,1.00000000,10948
4,3,2,5,3,441.61377933,441.61383013,0.99999988,20159
4,3,2,6,3,104.78755365,113.78639988,0.92091457,11615
4,4,1,1,13,888.95122711,888.95116978,1.00000000,24780
4,4,1,2,13,609.60643354,609.60639366,1.00000000,31774
4,4,2,3,3,442.78393946,442.78392009,1.00000000,21011
4,4,2,4,3,141.13091452,141.13092648,0.99999992,3769
4,4,2,5,18,205.63147835,205.63147975,0.99999999,8468
4,4,2,6,1,279.30130849,279.30131403,0.99999998,23306
4,5,1,1,18,637.67752193,637.67764602,0.99999981,22300
4,5,1,2,18,707.20108011,707.20108471,0.99999999,34254
4,5,2,3,1,221.89027319,221.89027434,0.99999999,11235
4,5,2,4,3,327.90241999,327.90237723,1.00000000,11065
4,5,2,5,1,300.25301620,300.25300478,1.00000000,5942
4,5,2,6,3,479.75154236,489.10856951,0.98086922,28312
4,6,1,1,18,737.53434070,737.53433808,1.00000000,26682
4,6,1,2,3,523.22360262,523.22353266,1.00000000,29872
4,6,2,3,3,351.21470206,357.18835078,0.98327591,14393
4,6,2,4,3,301.64734837,310.39846532,0.97180683,12289
4,6,2,5,13,318.74261283,318.74257688,1.00000000,18494
4,6,2,6,16,77.64349604,77.64346149,1.00000000,11378
4,7,1,1,13,538.54928684,538.54927775,1.00000000,24780
4,7,1,2,13,382.52124620,382.52132758,0.99999979,31774
4,7,2,3,18,25.84217569,25.84216656,1.00000000,4951
4,7,2,4,18,331.23017038,331.23014594,1.00000000,19829
4,7,2,5,18,212.51024151,212.51024575,0.99999998,20159
4,7,2,6,3,71.53242267,92.58872086,0.77258247,11615
4,8,1,1,0,396.92045576,396.92045064,1.00000000,22300
4,8,1,2,18,404.19308286,404.19307600,1.00000000,34254
4,8,2,3,13,156.90694015,156.90695321,0.99999992,13832
4,8,2,4,3,126.52239941,126.52239773,1.00000000,8468
4,8,2,5,3,56.97241652,58.34357158,0.97649861,2367
4,8,2,6,3,331.68476799,331.68472092,1.00000000,31887
4,9,1,1,18,435.46559242,435.46554760,1.00000000,26682
4,9,1,2,16,328.19252311,328.19248276,1.00000000,29872
4,9,2,3,3,299.48802887,308.63029487,0.97037794,17659
4,9,2,4,3,144.54414344,144.54414707,0.99999997,9023
4,9,2,5,3,202.02777152,202.02775955,1.00000000,20303
4,9,2,6,3,44.09000142,44.08998351,1.00000000,9569
4,10,1,1,18,564.70705168,564.70704068,1.00000000,41170
4,10,1,2,3,101.40196578,118.64615898,0.85465865,15384
4,10,2,3,3,101.45199497,104.43730752,0.97141527,10115
4,10,2,4,3,349.75149628,352.05730694,0.99345047,31055
4,10,2,5,19,13.33003596,13.33003551,1.00000000,1188
4,10,2,6,10,56.65611166,56.65611073,1.00000000,14196
4,11,1,1,16,97.08559854,97.08559859,1.00000000,6583
4,11,1,2,18,419.32197848,419.32196758,1.00000000,49971
4,11,2,3,6,47.47509621,47.47509448,1.00000000,6320
4,11,2,4,20,11.81365248,11.81365280,0.99999997,263
4,11,2,5,13,87.04248723,87.04247759,1.00000000,6839
4,11,2,6,3,338.83799886,338.83800893,0.99999997,43132
4,12,1,1,6,284.55007020,284.55007641,0.99999998,26682
4,12,1,2,20,199.28545793,199.28544134,1.00000000,29872
4,12,2,3,13,203.91574517,203.91575328,0.99999996,24552
4,12,2,4,3,9.43863949,10.91512455,0.86473035,2130
4,12,2,5,3,53.13839654,75.21572688,0.70647986,13264
4,12,2,6,3,123.06242975,133.72373171,0.92027367,16608
4,13,1,1,13,325.08449425,325.08450733,0.99999996,42294
4,13,1,2,6,75.95438635,75.95438468,1.00000000,14260
4,13,2,3,18,42.52047864,42.52048832,0.99999977,6320
4,13,2,4,18,269.22237096,269.22237488,0.99999999,35974
4,13,2,5,3,63.28376216,63.28377910,0.99999973,10156
4,13,2,6,13,14.79617051,14.79617050,1.00000000,4104
4,14,1,1,18,312.52854063,312.52856109,0.99999993,41170
4,14,1,2,3,62.94617543,78.48794953,0.80198522,15384
4,14,2,3,3,204.68170175,221.40258906,0.92447745,24520
4,14,2,4,17,127.35467063,127.35466863,1.00000000,16650
4,14,2,5,19,9.74440213,9.74440206,1.00000000,1188
4,14,2,6,10,39.23980467,39.23980482,1.00000000,14196
